D'Arrigo et al. 2006 STD and RCS reconstructions of Northern Hemisphere,,,
"annual temperatures, plus Northern Hemisphere land-only extratropical (20-90N)",,,
"instrumental temperature data, expressed as anomalies in degrees Celsius ",,,
from the 1961-1990AD mean.,,,
,,,
,,,
Year AD,NH Land20-90,STD recon,RCS recon
713,,-0.64,-0.85
714,,-0.58,-0.8
715,,-0.42,-0.57
716,,-0.73,-1.08
717,,-0.91,-1.24
718,,-0.76,-1.07
719,,-0.67,-1.04
720,,-0.85,-1.13
721,,-0.57,-0.73
722,,-0.67,-0.89
723,,-0.5,-0.71
724,,-0.69,-0.87
725,,-0.25,-0.37
726,,-0.24,-0.43
727,,-0.24,-0.65
728,,-0.4,-0.52
729,,-0.59,-0.71
730,,-0.39,-0.4
731,,-0.32,-0.21
732,,-0.4,-0.42
733,,-0.43,-0.44
734,,-0.44,-0.66
735,,-0.57,-0.66
736,,-0.59,-0.84
737,,-0.89,-1.21
738,,-0.84,-1.17
739,,-0.8,-1.16
740,,-0.67,-0.99
741,,-0.39,-0.57
742,,-0.47,-0.73
743,,-0.19,-0.27
744,,-0.3,-0.28
745,,-0.5,-0.62
746,,-0.47,-0.55
747,,-0.54,-0.74
748,,-0.78,-1
749,,-0.42,-0.72
750,,-0.28,-0.46
751,,-0.11,-0.28
752,,-0.08,-0.3
753,,-0.04,-0.39
754,,-0.35,-0.51
755,,-0.45,-0.61
756,,-0.65,-0.86
757,,-0.65,-0.79
758,,-0.46,-0.59
759,,-0.25,-0.37
760,,-0.45,-0.68
761,,-0.31,-0.51
762,,-0.31,-0.41
763,,-0.02,-0.12
764,,-0.21,-0.24
765,,-0.15,-0.24
766,,-0.44,-0.71
767,,-0.47,-0.71
768,,-0.33,-0.52
769,,-0.65,-0.88
770,,-0.61,-0.77
771,,-0.46,-0.62
772,,-0.45,-0.58
773,,-0.6,-0.77
774,,-0.43,-0.67
775,,-0.28,-0.52
776,,-0.32,-0.53
777,,-0.39,-0.75
778,,-0.4,-0.59
779,,-0.38,-0.62
780,,-0.68,-0.95
781,,-0.55,-0.86
782,,-0.58,-0.85
783,,-0.7,-0.94
784,,-0.66,-0.87
785,,-0.51,-0.61
786,,-0.15,-0.24
787,,-0.23,-0.36
788,,-0.23,-0.42
789,,-0.28,-0.53
790,,0.05,-0.15
791,,-0.21,-0.5
792,,-0.05,-0.26
793,,-0.23,-0.41
794,,-0.37,-0.58
795,,-0.55,-0.77
796,,-0.42,-0.64
797,,-0.47,-0.62
798,,-0.37,-0.54
799,,-0.39,-0.62
800,,-0.51,-0.81
801,,-0.41,-0.64
802,,-0.63,-0.9
803,,-0.72,-0.86
804,,-0.79,-1.05
805,,-0.72,-0.89
806,,-0.54,-0.69
807,,-0.57,-0.75
808,,-0.17,-0.44
809,,-0.39,-0.73
810,,-0.54,-0.79
811,,-0.17,-0.29
812,,-0.54,-0.75
813,,-0.28,-0.5
814,,-0.52,-0.88
815,,-0.56,-0.89
816,,-0.58,-0.9
817,,-0.39,-0.71
818,,-0.44,-0.74
819,,-0.2,-0.42
820,,-0.21,-0.43
821,,-0.28,-0.42
822,,0,-0.27
823,,-0.33,-0.54
824,,-0.7,-0.96
825,,-0.53,-0.83
826,,-0.61,-0.98
827,,-0.73,-1
828,,-0.66,-0.94
829,,-0.59,-0.86
830,,-0.44,-0.61
831,,-0.38,-0.66
832,,-0.32,-0.64
833,,0.05,-0.15
834,,-0.23,-0.5
835,,-0.66,-0.92
836,,-0.56,-0.73
837,,-0.55,-0.71
838,,-0.67,-0.86
839,,-0.64,-0.91
840,,-0.3,-0.54
841,,-0.06,-0.31
842,,0.01,-0.24
843,,-0.21,-0.41
844,,0.01,-0.17
845,,-0.23,-0.48
846,,-0.22,-0.44
847,,-0.29,-0.5
848,,-0.26,-0.42
849,,-0.36,-0.55
850,,-0.26,-0.47
851,,-0.85,-1.06
852,,-0.81,-1.06
853,,-0.67,-0.86
854,,-0.89,-1.27
855,,-0.67,-0.96
856,,-0.74,-1.03
857,,-0.27,-0.44
858,,-0.48,-0.69
859,,-0.43,-0.63
860,,-0.48,-0.68
861,,-0.46,-0.66
862,,-0.44,-0.66
863,,-0.69,-0.97
864,,-0.8,-1.06
865,,-0.74,-0.95
866,,-0.63,-0.84
867,,-0.56,-0.75
868,,-0.4,-0.65
869,,-0.36,-0.63
870,,-0.56,-0.88
871,,-0.4,-0.6
872,,-0.25,-0.45
873,,-0.16,-0.35
874,,-0.12,-0.27
875,,-0.33,-0.56
876,,-0.32,-0.54
877,,-0.21,-0.4
878,,-0.2,-0.42
879,,-0.28,-0.62
880,,-0.05,-0.32
881,,-0.06,-0.33
882,,-0.01,-0.16
883,,-0.14,-0.44
884,,-0.36,-0.64
885,,-0.05,-0.27
886,,-0.12,-0.31
887,,-0.3,-0.57
888,,-0.52,-0.77
889,,-0.57,-0.85
890,,-0.36,-0.64
891,,-0.35,-0.7
892,,-0.1,-0.43
893,,-0.25,-0.42
894,,0.21,0.03
895,,0.28,0.14
896,,-0.24,-0.51
897,,-0.43,-0.65
898,,-0.36,-0.51
899,,-0.06,-0.28
900,,-0.46,-0.71
901,,-0.49,-0.78
902,,-0.47,-0.64
903,,-0.79,-1.06
904,,-0.57,-0.8
905,,-0.57,-0.74
906,,-0.66,-0.86
907,,-0.63,-0.77
908,,-0.58,-0.85
909,,-0.64,-0.9
910,,-0.58,-0.82
911,,-0.64,-0.85
912,,-0.47,-0.75
913,,-0.42,-0.7
914,,-0.28,-0.54
915,,-0.36,-0.62
916,,-0.54,-0.89
917,,-0.3,-0.69
918,,-0.38,-0.61
919,,-0.25,-0.46
920,,-0.37,-0.56
921,,-0.46,-0.68
922,,-0.44,-0.6
923,,-0.31,-0.47
924,,-0.33,-0.45
925,,-0.43,-0.57
926,,-0.4,-0.54
927,,-0.19,-0.25
928,,-0.3,-0.35
929,,-0.12,-0.21
930,,-0.32,-0.47
931,,-0.2,-0.32
932,,-0.27,-0.49
933,,-0.34,-0.46
934,,-0.48,-0.68
935,,-0.36,-0.51
936,,-0.11,-0.19
937,,-0.41,-0.51
938,,-0.16,-0.26
939,,-0.34,-0.57
940,,-0.62,-0.77
941,,-0.58,-0.75
942,,-0.55,-0.81
943,,-0.36,-0.38
944,,-0.34,-0.29
945,,-0.43,-0.34
946,,-0.35,-0.36
947,,-0.71,-0.7
948,,-0.56,-0.53
949,,-0.33,-0.17
950,,-0.6,-0.57
951,,-0.64,-0.79
952,,-0.66,-0.78
953,,-0.57,-0.75
954,,-0.42,-0.42
955,,-0.46,-0.48
956,,-0.29,-0.26
957,,-0.08,-0.07
958,,-0.4,-0.44
959,,-0.48,-0.48
960,,-0.19,-0.18
961,,-0.33,-0.33
962,,-0.31,-0.35
963,,-0.15,-0.08
964,,-0.22,-0.08
965,,0.04,0.13
966,,0.01,0
967,,-0.2,-0.12
968,,0.02,0.11
969,,-0.37,-0.3
970,,-0.48,-0.36
971,,-0.56,-0.49
972,,-0.41,-0.46
973,,-0.47,-0.47
974,,-0.28,-0.21
975,,-0.49,-0.37
976,,-0.47,-0.32
977,,-0.26,-0.13
978,,-0.27,-0.1
979,,-0.28,-0.07
980,,-0.25,-0.07
981,,-0.44,-0.42
982,,-0.42,-0.36
983,,-0.31,-0.26
984,,-0.27,-0.23
985,,-0.55,-0.59
986,,-0.08,0.1
987,,-0.45,-0.36
988,,-0.24,-0.13
989,,-0.05,0
990,,-0.17,-0.1
991,,-0.44,-0.3
992,,-0.4,-0.31
993,,-0.17,-0.03
994,,-0.17,-0.21
995,,0.02,0.02
996,,-0.22,-0.18
997,,-0.23,-0.17
998,,-0.15,-0.04
999,,-0.25,-0.26
1000,,-0.36,-0.34
1001,,-0.4,-0.46
1002,,-0.42,-0.45
1003,,-0.41,-0.46
1004,,-0.38,-0.47
1005,,-0.22,-0.37
1006,,-0.15,-0.27
1007,,-0.31,-0.34
1008,,-0.28,-0.25
1009,,-0.41,-0.42
1010,,-0.55,-0.59
1011,,-0.61,-0.68
1012,,-0.52,-0.59
1013,,-0.49,-0.48
1014,,-0.19,-0.15
1015,,-0.32,-0.25
1016,,-0.22,-0.14
1017,,-0.16,0.03
1018,,-0.09,-0.01
1019,,-0.36,-0.39
1020,,-0.13,-0.2
1021,,-0.35,-0.4
1022,,-0.33,-0.28
1023,,-0.26,-0.24
1024,,-0.43,-0.38
1025,,-0.64,-0.7
1026,,-0.46,-0.43
1027,,-0.28,-0.31
1028,,-0.17,-0.14
1029,,-0.34,-0.35
1030,,-0.01,-0.04
1031,,-0.08,-0.06
1032,,-0.56,-0.51
1033,,-0.07,-0.09
1034,,-0.18,-0.2
1035,,-0.32,-0.48
1036,,-0.33,-0.48
1037,,-0.32,-0.47
1038,,-0.33,-0.35
1039,,-0.37,-0.38
1040,,-0.23,-0.38
1041,,-0.2,-0.35
1042,,-0.17,-0.26
1043,,0,-0.14
1044,,-0.29,-0.37
1045,,-0.4,-0.43
1046,,-0.3,-0.36
1047,,-0.41,-0.49
1048,,-0.2,-0.25
1049,,-0.29,-0.33
1050,,-0.18,-0.29
1051,,-0.39,-0.58
1052,,-0.19,-0.35
1053,,-0.19,-0.3
1054,,-0.41,-0.47
1055,,-0.38,-0.46
1056,,-0.28,-0.34
1057,,-0.15,-0.23
1058,,-0.45,-0.52
1059,,-0.31,-0.41
1060,,-0.44,-0.51
1061,,-0.27,-0.3
1062,,-0.21,-0.28
1063,,-0.25,-0.36
1064,,-0.18,-0.25
1065,,-0.45,-0.53
1066,,-0.31,-0.41
1067,,-0.42,-0.51
1068,,-0.54,-0.63
1069,,-0.48,-0.6
1070,,-0.45,-0.55
1071,,-0.63,-0.77
1072,,-0.49,-0.64
1073,,-0.23,-0.27
1074,,-0.16,-0.28
1075,,-0.5,-0.54
1076,,-0.28,-0.38
1077,,-0.31,-0.42
1078,,-0.36,-0.42
1079,,-0.25,-0.31
1080,,-0.33,-0.47
1081,,-0.26,-0.4
1082,,-0.19,-0.32
1083,,-0.18,-0.27
1084,,-0.07,-0.2
1085,,-0.09,-0.22
1086,,-0.36,-0.47
1087,,-0.22,-0.37
1088,,-0.37,-0.56
1089,,-0.08,-0.24
1090,,-0.25,-0.42
1091,,-0.32,-0.32
1092,,-0.35,-0.57
1093,,-0.19,-0.31
1094,,-0.24,-0.42
1095,,-0.14,-0.31
1096,,-0.25,-0.49
1097,,-0.19,-0.32
1098,,-0.4,-0.53
1099,,-0.56,-0.67
1100,,-0.45,-0.57
1101,,-0.53,-0.65
1102,,-0.39,-0.44
1103,,-0.25,-0.33
1104,,-0.15,-0.27
1105,,-0.45,-0.49
1106,,-0.22,-0.24
1107,,-0.21,-0.26
1108,,-0.45,-0.49
1109,,-0.36,-0.42
1110,,-0.4,-0.49
1111,,-0.51,-0.63
1112,,-0.46,-0.51
1113,,-0.33,-0.46
1114,,-0.26,-0.42
1115,,-0.54,-0.64
1116,,-0.47,-0.57
1117,,-0.43,-0.52
1118,,-0.59,-0.73
1119,,-0.37,-0.4
1120,,-0.51,-0.63
1121,,-0.55,-0.67
1122,,-0.78,-0.87
1123,,-0.38,-0.54
1124,,-0.53,-0.73
1125,,-0.71,-0.86
1126,,-0.62,-0.73
1127,,-0.48,-0.57
1128,,-0.57,-0.65
1129,,-0.52,-0.65
1130,,-0.49,-0.56
1131,,-0.3,-0.37
1132,,-0.31,-0.4
1133,,-0.49,-0.66
1134,,-0.62,-0.75
1135,,-0.43,-0.47
1136,,-0.66,-0.82
1137,,-0.67,-0.74
1138,,-0.61,-0.61
1139,,-0.59,-0.63
1140,,-0.82,-1.12
1141,,-0.53,-0.8
1142,,-0.35,-0.57
1143,,-0.34,-0.54
1144,,-0.05,-0.36
1145,,-0.49,-0.68
1146,,-0.41,-0.62
1147,,-0.35,-0.6
1148,,-0.39,-0.66
1149,,-0.47,-0.7
1150,,-0.56,-0.67
1151,,-0.73,-1.03
1152,,-0.61,-0.88
1153,,-0.46,-0.65
1154,,-0.56,-0.86
1155,,-0.35,-0.61
1156,,-0.39,-0.66
1157,,-0.42,-0.73
1158,,-0.46,-0.69
1159,,-0.32,-0.62
1160,,-0.59,-0.82
1161,,-0.53,-0.83
1162,,-0.32,-0.52
1163,,-0.28,-0.62
1164,,-0.36,-0.64
1165,,-0.28,-0.66
1166,,-0.38,-0.66
1167,,-0.34,-0.6
1168,,-0.2,-0.47
1169,,-0.26,-0.52
1170,,-0.47,-0.71
1171,,-0.27,-0.58
1172,,-0.5,-0.75
1173,,-0.41,-0.67
1174,,-0.49,-0.69
1175,,-0.31,-0.54
1176,,-0.55,-0.77
1177,,-0.49,-0.61
1178,,-0.34,-0.56
1179,,-0.56,-0.71
1180,,-0.67,-0.84
1181,,-0.28,-0.48
1182,,-0.71,-0.88
1183,,-0.36,-0.6
1184,,-0.57,-0.75
1185,,-0.43,-0.59
1186,,-0.63,-0.83
1187,,-0.46,-0.68
1188,,-0.47,-0.64
1189,,-0.55,-0.8
1190,,-0.51,-0.75
1191,,-0.57,-0.78
1192,,-0.46,-0.67
1193,,-0.56,-0.96
1194,,-0.55,-0.88
1195,,-0.62,-0.9
1196,,-0.72,-0.98
1197,,-0.57,-0.82
1198,,-0.62,-0.92
1199,,-0.55,-0.75
1200,,-0.63,-0.84
1201,,-0.73,-0.93
1202,,-0.58,-0.8
1203,,-0.67,-0.8
1204,,-0.6,-0.82
1205,,-0.82,-1
1206,,-0.69,-0.95
1207,,-0.65,-0.96
1208,,-0.24,-0.51
1209,,-0.38,-0.69
1210,,-0.47,-0.76
1211,,-0.27,-0.54
1212,,-0.43,-0.61
1213,,-0.45,-0.67
1214,,-0.52,-0.71
1215,,-0.5,-0.69
1216,,-0.42,-0.73
1217,,-0.58,-0.79
1218,,-0.29,-0.61
1219,,-0.41,-0.71
1220,,-0.32,-0.6
1221,,-0.17,-0.43
1222,,-0.37,-0.59
1223,,-0.31,-0.6
1224,,-0.2,-0.47
1225,,-0.11,-0.36
1226,,-0.17,-0.41
1227,,-0.2,-0.5
1228,,-0.04,-0.34
1229,,-0.12,-0.45
1230,,-0.23,-0.51
1231,,-0.07,-0.4
1232,,-0.24,-0.48
1233,,-0.34,-0.65
1234,,-0.51,-0.74
1235,,-0.51,-0.81
1236,,-0.53,-0.77
1237,,-0.31,-0.58
1238,,-0.53,-0.84
1239,,-0.43,-0.75
1240,,-0.2,-0.57
1241,,-0.29,-0.6
1242,,-0.31,-0.61
1243,,-0.44,-0.75
1244,,-0.28,-0.59
1245,,-0.36,-0.64
1246,,-0.3,-0.62
1247,,-0.31,-0.62
1248,,-0.43,-0.7
1249,,-0.33,-0.6
1250,,-0.3,-0.63
1251,,-0.33,-0.63
1252,,-0.33,-0.69
1253,,-0.29,-0.54
1254,,-0.24,-0.59
1255,,-0.11,-0.41
1256,,-0.27,-0.57
1257,,-0.06,-0.39
1258,,-0.31,-0.7
1259,,-0.37,-0.75
1260,,-0.28,-0.59
1261,,-0.37,-0.69
1262,,-0.64,-0.89
1263,,-0.73,-1
1264,,-0.5,-0.81
1265,,-0.34,-0.67
1266,,-0.25,-0.6
1267,,-0.28,-0.6
1268,,-0.26,-0.52
1269,,-0.25,-0.48
1270,,-0.37,-0.65
1271,,-0.27,-0.56
1272,,-0.27,-0.6
1273,,-0.15,-0.48
1274,,-0.11,-0.49
1275,,-0.14,-0.45
1276,,-0.18,-0.55
1277,,-0.16,-0.58
1278,,-0.37,-0.69
1279,,-0.28,-0.61
1280,,-0.47,-0.79
1281,,-0.3,-0.56
1282,,-0.32,-0.72
1283,,-0.31,-0.7
1284,,-0.29,-0.67
1285,,-0.36,-0.66
1286,,-0.48,-0.81
1287,,-0.37,-0.72
1288,,-0.26,-0.51
1289,,-0.59,-0.79
1290,,-0.56,-0.77
1291,,-0.49,-0.77
1292,,-0.5,-0.78
1293,,-0.69,-0.98
1294,,-0.57,-0.88
1295,,-0.6,-0.87
1296,,-0.48,-0.78
1297,,-0.73,-0.99
1298,,-0.55,-0.89
1299,,-0.58,-0.87
1300,,-0.83,-1.13
1301,,-0.46,-0.73
1302,,-0.63,-0.92
1303,,-0.5,-0.76
1304,,-0.54,-0.76
1305,,-0.52,-0.76
1306,,-0.41,-0.7
1307,,-0.41,-0.6
1308,,-0.41,-0.61
1309,,-0.3,-0.46
1310,,-0.51,-0.68
1311,,-0.29,-0.5
1312,,-0.62,-0.78
1313,,-0.38,-0.64
1314,,-0.48,-0.7
1315,,-0.22,-0.46
1316,,-0.37,-0.68
1317,,-0.45,-0.72
1318,,-0.29,-0.66
1319,,-0.28,-0.64
1320,,-0.29,-0.62
1321,,-0.33,-0.66
1322,,-0.34,-0.57
1323,,-0.35,-0.61
1324,,-0.29,-0.53
1325,,-0.2,-0.51
1326,,-0.3,-0.57
1327,,-0.26,-0.58
1328,,-0.38,-0.61
1329,,-0.42,-0.67
1330,,-0.67,-0.9
1331,,-0.33,-0.62
1332,,-0.43,-0.73
1333,,-0.5,-0.87
1334,,-0.4,-0.7
1335,,-0.55,-0.87
1336,,-0.58,-0.89
1337,,-0.5,-0.78
1338,,-0.6,-0.89
1339,,-0.48,-0.82
1340,,-0.61,-0.86
1341,,-0.37,-0.7
1342,,-0.6,-0.86
1343,,-0.52,-0.72
1344,,-0.63,-0.78
1345,,-0.69,-0.92
1346,,-0.73,-0.95
1347,,-0.8,-1.03
1348,,-0.82,-1.01
1349,,-0.7,-0.88
1350,,-0.79,-1.03
1351,,-0.5,-0.81
1352,,-0.49,-0.68
1353,,-0.71,-0.81
1354,,-0.46,-0.67
1355,,-0.47,-0.61
1356,,-0.29,-0.51
1357,,-0.46,-0.56
1358,,-0.64,-0.8
1359,,-0.64,-0.76
1360,,-0.5,-0.7
1361,,-0.57,-0.69
1362,,-0.39,-0.57
1363,,-0.48,-0.73
1364,,-0.48,-0.7
1365,,-0.52,-0.7
1366,,-0.28,-0.55
1367,,-0.2,-0.55
1368,,-0.53,-0.74
1369,,-0.39,-0.58
1370,,-0.58,-0.76
1371,,-0.5,-0.73
1372,,-0.52,-0.77
1373,,-0.38,-0.67
1374,,-0.32,-0.66
1375,,-0.44,-0.73
1376,,-0.33,-0.57
1377,,-0.5,-0.69
1378,,-0.42,-0.72
1379,,-0.31,-0.61
1380,,-0.47,-0.7
1381,,-0.37,-0.66
1382,,-0.27,-0.54
1383,,-0.34,-0.65
1384,,-0.3,-0.56
1385,,-0.4,-0.59
1386,,-0.14,-0.42
1387,,-0.32,-0.63
1388,,-0.26,-0.55
1389,,-0.47,-0.7
1390,,-0.27,-0.5
1391,,-0.15,-0.46
1392,,-0.53,-0.76
1393,,-0.49,-0.69
1394,,-0.28,-0.48
1395,,-0.24,-0.41
1396,,-0.24,-0.42
1397,,-0.42,-0.62
1398,,-0.41,-0.64
1399,,-0.46,-0.63
1400,,-0.46,-0.57
1401,,-0.47,-0.68
1402,,-0.48,-0.74
1403,,-0.35,-0.56
1404,,-0.33,-0.48
1405,,-0.21,-0.43
1406,,-0.28,-0.41
1407,,-0.3,-0.53
1408,,-0.31,-0.5
1409,,-0.04,-0.3
1410,,-0.15,-0.4
1411,,-0.1,-0.34
1412,,-0.39,-0.49
1413,,-0.11,-0.33
1414,,-0.26,-0.53
1415,,-0.26,-0.52
1416,,-0.43,-0.6
1417,,-0.14,-0.35
1418,,-0.1,-0.31
1419,,-0.29,-0.42
1420,,-0.36,-0.46
1421,,-0.37,-0.51
1422,,-0.43,-0.59
1423,,-0.43,-0.55
1424,,-0.02,-0.23
1425,,-0.29,-0.51
1426,,-0.14,-0.41
1427,,-0.07,-0.36
1428,,-0.2,-0.47
1429,,-0.25,-0.53
1430,,-0.15,-0.36
1431,,-0.07,-0.28
1432,,-0.28,-0.4
1433,,-0.16,-0.31
1434,,0.08,-0.1
1435,,-0.27,-0.46
1436,,-0.16,-0.44
1437,,-0.14,-0.33
1438,,-0.29,-0.52
1439,,-0.27,-0.45
1440,,-0.29,-0.43
1441,,-0.24,-0.48
1442,,-0.29,-0.47
1443,,-0.34,-0.31
1444,,-0.32,-0.47
1445,,-0.24,-0.4
1446,,-0.35,-0.5
1447,,-0.36,-0.47
1448,,-0.43,-0.52
1449,,-0.49,-0.66
1450,,-0.37,-0.55
1451,,-0.47,-0.67
1452,,-0.58,-0.77
1453,,-0.74,-0.87
1454,,-0.58,-0.77
1455,,-0.81,-0.94
1456,,-0.82,-0.96
1457,,-0.76,-0.93
1458,,-0.53,-0.71
1459,,-0.78,-0.95
1460,,-0.55,-0.78
1461,,-0.6,-0.83
1462,,-0.67,-0.83
1463,,-0.82,-0.94
1464,,-0.7,-0.93
1465,,-0.69,-0.89
1466,,-0.9,-1.08
1467,,-0.62,-0.85
1468,,-0.89,-1.1
1469,,-0.62,-0.8
1470,,-0.53,-0.7
1471,,-0.46,-0.77
1472,,-0.67,-0.92
1473,,-0.53,-0.81
1474,,-0.51,-0.69
1475,,-0.38,-0.69
1476,,-0.43,-0.64
1477,,-0.61,-0.77
1478,,-0.46,-0.68
1479,,-0.65,-0.8
1480,,-0.45,-0.6
1481,,-0.69,-0.91
1482,,-0.43,-0.63
1483,,-0.48,-0.68
1484,,-0.54,-0.75
1485,,-0.48,-0.63
1486,,-0.4,-0.62
1487,,-0.45,-0.7
1488,,-0.33,-0.62
1489,,-0.4,-0.63
1490,,-0.15,-0.49
1491,,-0.36,-0.65
1492,,-0.32,-0.62
1493,,-0.39,-0.59
1494,,-0.49,-0.67
1495,,-0.64,-0.89
1496,,-0.19,-0.57
1497,,-0.43,-0.78
1498,,-0.43,-0.72
1499,,-0.25,-0.55
1500,,-0.19,-0.47
1501,,-0.13,-0.42
1502,,-0.33,-0.55
1503,,-0.6,-0.72
1504,,-0.33,-0.49
1505,,-0.2,-0.45
1506,,-0.23,-0.46
1507,,-0.07,-0.36
1508,,-0.1,-0.38
1509,,-0.38,-0.67
1510,,-0.08,-0.39
1511,,-0.43,-0.63
1512,,-0.19,-0.47
1513,,-0.34,-0.61
1514,,-0.47,-0.65
1515,,-0.42,-0.59
1516,,-0.58,-0.74
1517,,-0.66,-0.75
1518,,-0.55,-0.73
1519,,-0.38,-0.63
1520,,-0.61,-0.79
1521,,-0.35,-0.57
1522,,-0.65,-0.86
1523,,-0.55,-0.77
1524,,-0.6,-0.8
1525,,-0.52,-0.73
1526,,-0.45,-0.74
1527,,-0.4,-0.67
1528,,-0.43,-0.77
1529,,-0.59,-0.84
1530,,-0.32,-0.66
1531,,-0.58,-0.79
1532,,-0.59,-0.78
1533,,-0.54,-0.73
1534,,-0.54,-0.81
1535,,-0.23,-0.48
1536,,-0.2,-0.52
1537,,-0.18,-0.45
1538,,-0.1,-0.41
1539,,-0.03,-0.37
1540,,-0.02,-0.37
1541,,-0.32,-0.56
1542,,-0.34,-0.63
1543,,-0.55,-0.7
1544,,-0.41,-0.6
1545,,-0.21,-0.45
1546,,-0.37,-0.51
1547,,-0.33,-0.47
1548,,-0.3,-0.46
1549,,-0.45,-0.56
1550,,-0.21,-0.43
1551,,-0.18,-0.41
1552,,-0.11,-0.3
1553,,-0.21,-0.49
1554,,-0.26,-0.5
1555,,-0.24,-0.45
1556,,-0.36,-0.51
1557,,-0.25,-0.41
1558,,-0.08,-0.38
1559,,-0.08,-0.35
1560,,-0.04,-0.29
1561,,-0.19,-0.35
1562,,-0.19,-0.33
1563,,-0.11,-0.33
1564,,0.05,-0.22
1565,,0.06,-0.18
1566,,-0.13,-0.39
1567,,-0.09,-0.32
1568,,-0.09,-0.37
1569,,-0.2,-0.38
1570,,-0.37,-0.61
1571,,-0.5,-0.63
1572,,-0.29,-0.5
1573,,-0.32,-0.49
1574,,-0.33,-0.55
1575,,-0.11,-0.32
1576,,-0.46,-0.65
1577,,-0.34,-0.57
1578,,-0.41,-0.6
1579,,-0.56,-0.75
1580,,-0.59,-0.82
1581,,-0.56,-0.77
1582,,-0.34,-0.6
1583,,-0.43,-0.61
1584,,-0.28,-0.58
1585,,-0.51,-0.69
1586,,-0.22,-0.48
1587,,-0.73,-0.89
1588,,-0.56,-0.79
1589,,-0.8,-0.97
1590,,-0.52,-0.75
1591,,-0.61,-0.86
1592,,-0.46,-0.79
1593,,-0.69,-0.92
1594,,-0.38,-0.73
1595,,-0.46,-0.79
1596,,-0.75,-1
1597,,-0.42,-0.76
1598,,-0.5,-0.81
1599,,-0.33,-0.65
1600,,-0.53,-0.83
1601,,-0.88,-1.15
1602,,-0.77,-1.02
1603,,-0.67,-1.05
1604,,-0.61,-0.9
1605,,-0.75,-1.04
1606,,-0.57,-0.88
1607,,-0.68,-1.03
1608,,-0.64,-0.89
1609,,-0.61,-0.92
1610,,-0.38,-0.68
1611,,-0.4,-0.68
1612,,-0.4,-0.62
1613,,-0.39,-0.58
1614,,-0.42,-0.68
1615,,-0.43,-0.73
1616,,-0.29,-0.58
1617,,-0.37,-0.56
1618,,-0.49,-0.66
1619,,-0.43,-0.62
1620,,-0.55,-0.73
1621,,-0.3,-0.48
1622,,-0.49,-0.74
1623,,-0.45,-0.63
1624,,-0.41,-0.58
1625,,-0.39,-0.56
1626,,-0.33,-0.51
1627,,-0.44,-0.65
1628,,-0.56,-0.74
1629,,-0.36,-0.69
1630,,-0.37,-0.58
1631,,-0.54,-0.8
1632,,-0.34,-0.51
1633,,-0.45,-0.73
1634,,-0.39,-0.55
1635,,-0.6,-0.77
1636,,-0.38,-0.52
1637,,-0.28,-0.44
1638,,-0.22,-0.39
1639,,-0.45,-0.56
1640,,-0.18,-0.3
1641,,-0.61,-0.73
1642,,-0.8,-0.9
1643,,-0.66,-0.81
1644,,-0.61,-0.79
1645,,-0.65,-0.84
1646,,-0.56,-0.78
1647,,-0.57,-0.8
1648,,-0.45,-0.65
1649,,-0.43,-0.64
1650,,-0.33,-0.55
1651,,-0.42,-0.71
1652,,-0.51,-0.77
1653,,-0.4,-0.73
1654,,-0.36,-0.64
1655,,-0.34,-0.55
1656,,-0.24,-0.54
1657,,-0.23,-0.54
1658,,-0.1,-0.47
1659,,-0.21,-0.51
1660,,-0.24,-0.56
1661,,-0.25,-0.55
1662,,-0.35,-0.63
1663,,-0.52,-0.74
1664,,-0.37,-0.66
1665,,-0.34,-0.63
1666,,-0.37,-0.59
1667,,-0.51,-0.64
1668,,-0.32,-0.58
1669,,-0.27,-0.55
1670,,-0.52,-0.67
1671,,-0.47,-0.7
1672,,-0.23,-0.51
1673,,-0.33,-0.59
1674,,-0.65,-0.96
1675,,-0.56,-0.85
1676,,-0.56,-0.84
1677,,-0.76,-0.96
1678,,-0.55,-0.87
1679,,-0.58,-0.89
1680,,-0.7,-0.99
1681,,-0.4,-0.72
1682,,-0.44,-0.73
1683,,-0.33,-0.67
1684,,-0.42,-0.65
1685,,-0.62,-0.76
1686,,-0.39,-0.61
1687,,-0.5,-0.71
1688,,-0.58,-0.79
1689,,-0.39,-0.56
1690,,-0.38,-0.58
1691,,-0.2,-0.42
1692,,-0.41,-0.63
1693,,-0.19,-0.46
1694,,-0.18,-0.41
1695,,-0.4,-0.66
1696,,-0.58,-0.82
1697,,-0.6,-0.81
1698,,-0.83,-1.03
1699,,-0.99,-1.19
1700,,-0.79,-1.02
1701,,-0.75,-1.02
1702,,-0.57,-0.8
1703,,-0.51,-0.79
1704,,-0.5,-0.83
1705,,-0.65,-0.94
1706,,-0.65,-0.98
1707,,-0.22,-0.55
1708,,-0.43,-0.7
1709,,-0.64,-0.81
1710,,-0.43,-0.63
1711,,-0.73,-0.97
1712,,-0.55,-0.83
1713,,-0.47,-0.66
1714,,-0.67,-0.89
1715,,-0.31,-0.57
1716,,-0.49,-0.73
1717,,-0.59,-0.91
1718,,-0.54,-0.82
1719,,-0.32,-0.67
1720,,-0.25,-0.59
1721,,-0.41,-0.74
1722,,-0.1,-0.48
1723,,-0.3,-0.59
1724,,-0.18,-0.6
1725,,-0.22,-0.54
1726,,-0.04,-0.45
1727,,0.03,-0.29
1728,,-0.35,-0.66
1729,,-0.11,-0.44
1730,,-0.32,-0.6
1731,,-0.36,-0.69
1732,,-0.35,-0.61
1733,,-0.22,-0.5
1734,,-0.37,-0.6
1735,,-0.53,-0.7
1736,,-0.39,-0.59
1737,,-0.36,-0.58
1738,,-0.4,-0.66
1739,,-0.1,-0.42
1740,,-0.51,-0.73
1741,,-0.67,-0.86
1742,,-0.65,-0.88
1743,,-0.52,-0.71
1744,,-0.64,-0.94
1745,,-0.52,-0.82
1746,,-0.58,-0.94
1747,,-0.44,-0.78
1748,,-0.32,-0.62
1749,,-0.28,-0.52
1750,,-0.34,-0.61
1751,,-0.48,-0.76
1752,,-0.29,-0.57
1753,,-0.35,-0.63
1754,,-0.24,-0.52
1755,,-0.37,-0.58
1756,,-0.26,-0.54
1757,,-0.22,-0.54
1758,,-0.19,-0.53
1759,,-0.26,-0.6
1760,,-0.31,-0.61
1761,,0.05,-0.31
1762,,-0.2,-0.53
1763,,0.08,-0.26
1764,,-0.28,-0.57
1765,,-0.26,-0.48
1766,,-0.11,-0.33
1767,,-0.13,-0.3
1768,,-0.3,-0.5
1769,,-0.39,-0.61
1770,,-0.33,-0.56
1771,,-0.37,-0.59
1772,,-0.25,-0.53
1773,,-0.4,-0.59
1774,,-0.09,-0.33
1775,,-0.05,-0.28
1776,,-0.18,-0.44
1777,,-0.15,-0.38
1778,,-0.11,-0.38
1779,,-0.43,-0.59
1780,,-0.41,-0.58
1781,,-0.18,-0.43
1782,,-0.31,-0.49
1783,,-0.52,-0.67
1784,,-0.36,-0.51
1785,,-0.31,-0.45
1786,,-0.5,-0.64
1787,,-0.44,-0.58
1788,,-0.49,-0.64
1789,,-0.48,-0.62
1790,,-0.48,-0.59
1791,,-0.4,-0.51
1792,,-0.32,-0.53
1793,,-0.32,-0.45
1794,,-0.43,-0.58
1795,,-0.41,-0.54
1796,,-0.36,-0.45
1797,,-0.52,-0.61
1798,,-0.39,-0.54
1799,,-0.48,-0.68
1800,,-0.64,-0.82
1801,,-0.4,-0.63
1802,,-0.29,-0.53
1803,,-0.37,-0.56
1804,,-0.37,-0.61
1805,,-0.17,-0.44
1806,,-0.36,-0.66
1807,,-0.25,-0.66
1808,,-0.09,-0.41
1809,,-0.44,-0.77
1810,,-0.47,-0.74
1811,,-0.35,-0.64
1812,,-0.67,-0.84
1813,,-0.64,-0.82
1814,,-0.7,-0.9
1815,,-0.79,-1
1816,,-0.72,-0.87
1817,,-0.75,-0.98
1818,,-0.83,-1.02
1819,,-0.6,-0.82
1820,,-0.72,-0.89
1821,,-0.91,-1.04
1822,,-0.73,-0.96
1823,,-0.54,-0.69
1824,,-0.6,-0.82
1825,,-0.61,-0.83
1826,,-0.52,-0.72
1827,,-0.68,-0.85
1828,,-0.19,-0.38
1829,,-0.27,-0.5
1830,,-0.55,-0.69
1831,,-0.46,-0.68
1832,,-0.44,-0.59
1833,,-0.45,-0.63
1834,,-0.44,-0.62
1835,,-0.67,-0.83
1836,,-0.72,-0.87
1837,,-1.01,-1.16
1838,,-0.76,-0.87
1839,,-0.73,-0.9
1840,,-0.75,-0.85
1841,,-0.79,-0.85
1842,,-0.57,-0.73
1843,,-0.7,-0.78
1844,,-0.65,-0.7
1845,,-0.64,-0.72
1846,,-0.55,-0.67
1847,,-0.58,-0.64
1848,,-0.53,-0.66
1849,,-0.74,-0.9
1850,,-0.64,-0.77
1851,,-0.54,-0.72
1852,,-0.43,-0.57
1853,,-0.51,-0.65
1854,,-0.44,-0.6
1855,,-0.4,-0.49
1856,-0.55,-0.55,-0.69
1857,-0.38,-0.39,-0.48
1858,-0.3,-0.19,-0.3
1859,0.09,-0.38,-0.45
1860,-0.51,-0.42,-0.41
1861,-0.31,-0.24,-0.27
1862,-0.67,-0.58,-0.54
1863,0.16,-0.6,-0.65
1864,-0.7,-0.57,-0.57
1865,-0.21,-0.54,-0.56
1866,-0.19,-0.58,-0.62
1867,-0.46,-0.5,-0.58
1868,-0.16,-0.35,-0.39
1869,-0.18,-0.57,-0.51
1870,-0.3,-0.37,-0.31
1871,-0.46,-0.54,-0.57
1872,-0.13,-0.56,-0.63
1873,-0.29,-0.43,-0.51
1874,-0.19,-0.54,-0.56
1875,-0.87,-0.45,-0.39
1876,-0.45,-0.56,-0.61
1877,-0.23,-0.37,-0.4
1878,0.17,-0.35,-0.34
1879,-0.38,-0.45,-0.43
1880,-0.37,-0.47,-0.47
1881,-0.43,-0.41,-0.57
1882,-0.22,-0.29,-0.36
1883,-0.57,-0.45,-0.45
1884,-0.67,-0.46,-0.44
1885,-0.69,-0.37,-0.39
1886,-0.51,-0.52,-0.43
1887,-0.45,-0.53,-0.53
1888,-0.69,-0.54,-0.45
1889,-0.33,-0.52,-0.51
1890,-0.26,-0.44,-0.4
1891,-0.54,-0.38,-0.35
1892,-0.6,-0.63,-0.6
1893,-0.71,-0.6,-0.59
1894,-0.26,-0.42,-0.42
1895,-0.57,-0.31,-0.31
1896,-0.4,-0.35,-0.29
1897,-0.35,-0.2,-0.16
1898,-0.32,-0.42,-0.35
1899,-0.27,-0.67,-0.68
1900,-0.18,-0.53,-0.54
1901,-0.2,-0.28,-0.28
1902,-0.55,-0.34,-0.29
1903,-0.46,-0.54,-0.51
1904,-0.53,-0.51,-0.53
1905,-0.42,-0.56,-0.64
1906,-0.22,-0.4,-0.35
1907,-0.72,-0.58,-0.51
1908,-0.51,-0.31,-0.28
1909,-0.49,-0.57,-0.39
1910,-0.33,-0.64,-0.58
1911,-0.41,-0.43,-0.37
1912,-0.71,-0.62,-0.61
1913,-0.38,-0.38,-0.3
1914,-0.17,-0.29,-0.28
1915,-0.24,-0.36,-0.34
1916,-0.42,-0.39,-0.34
1917,-0.79,-0.21,-0.26
1918,-0.44,-0.38,-0.32
1919,-0.53,-0.47,-0.48
1920,-0.29,-0.32,-0.29
1921,0.09,-0.26,-0.22
1922,-0.26,-0.37,-0.28
1923,-0.17,0.02,0.09
1924,-0.33,-0.16,-0.11
1925,-0.01,-0.1,-0.11
1926,-0.05,-0.26,-0.18
1927,-0.2,-0.12,-0.14
1928,-0.17,-0.22,-0.17
1929,-0.53,-0.27,-0.18
1930,0.01,0.01,0.09
1931,-0.03,-0.27,-0.24
1932,-0.01,-0.23,-0.19
1933,-0.41,-0.08,-0.04
1934,0.16,-0.01,0
1935,-0.11,0.05,0.1
1936,-0.09,0.02,0.04
1937,0.04,0.03,0.02
1938,0.35,0.13,0.17
1939,0.21,0.18,0.24
1940,-0.07,-0.04,-0.04
1941,-0.13,0.21,0.14
1942,-0.12,0.33,0.29
1943,0.2,0.37,0.31
1944,0.2,0.2,0.15
1945,-0.2,0.27,0.17
1946,0.04,0.3,0.26
1947,0.01,0.1,0.01
1948,0.15,0.07,0.18
1949,0,-0.28,-0.23
1950,-0.29,0.13,0.08
1951,-0.08,-0.04,0.04
1952,-0.07,-0.07,-0.05
1953,0.29,0.13,0.17
1954,-0.14,0.08,0.13
1955,-0.06,0.17,0.12
1956,-0.52,0.03,0.06
1957,-0.09,0.06,0.07
1958,0.06,0.12,0.12
1959,0,0.09,0.01
1960,-0.03,0.18,0.15
1961,0.15,0.1,0.1
1962,0.16,-0.16,-0.14
1963,0.13,-0.15,-0.2
1964,-0.35,0.17,0.19
1965,-0.3,0.05,0.12
1966,-0.17,-0.03,0.03
1967,-0.05,0.12,0.08
1968,-0.2,-0.04,-0.07
1969,-0.43,0.05,0.01
1970,-0.15,-0.15,-0.2
1971,-0.11,-0.13,-0.23
1972,-0.5,-0.14,-0.2
1973,0.13,-0.22,-0.33
1974,-0.25,-0.28,-0.3
1975,0.12,-0.29,-0.36
1976,-0.43,-0.17,-0.3
1977,0.14,-0.08,-0.15
1978,-0.08,-0.23,-0.27
1979,-0.01,0.01,-0.09
1980,0.02,-0.08,-0.14
1981,0.55,-0.08,-0.19
1982,-0.04,0.33,0.22
1983,0.34,0.15,0.13
1984,-0.12,0.09,0.18
1985,-0.16,0.02,0.06
1986,0.13,-0.05,0.13
1987,0.16,-0.24,-0.08
1988,0.45,-0.19,-0.03
1989,0.46,-0.07,0.04
1990,0.69,-0.17,-0.03
1991,0.47,-0.18,0.05
1992,0.12,-0.16,0.13
1993,0.19,-0.33,-0.13
1994,0.56,-0.11,0.06
1995,0.76,-0.18,0.04
1996,0.16,,
1997,0.59,,
1998,1,,
1999,0.92,,
2000,0.72,,
2001,0.8828,,
2002,0.9484,,
2003,0.8606,,
2004,0.8918,,