age_AD,trsgiFir,trsgiThl,trsgiCop,tempanom-JA,tempanom-JAerr+,tempanom-JAerr-
1073,1.009,NaN,NaN,-0.51,0.15,-1.17
1074,0.932,NaN,NaN,-0.49,0.17,-1.15
1075,0.963,NaN,NaN,-0.46,0.21,-1.12
1076,0.972,NaN,NaN,-0.41,0.25,-1.07
1077,0.987,NaN,NaN,-0.35,0.31,-1.02
1078,0.995,NaN,NaN,-0.28,0.38,-0.95
1079,1.041,NaN,NaN,-0.21,0.46,-0.87
1080,1.027,NaN,NaN,-0.12,0.54,-0.78
1081,1.044,NaN,NaN,-0.03,0.63,-0.7
1082,1.085,NaN,NaN,0.06,0.72,-0.61
1083,1.071,NaN,NaN,0.14,0.81,-0.52
1084,1.037,NaN,NaN,0.22,0.88,-0.44
1085,1.028,NaN,NaN,0.29,0.95,-0.37
1086,1.084,NaN,NaN,0.35,1.01,-0.32
1087,1.114,NaN,NaN,0.39,1.05,-0.28
1088,1.089,NaN,NaN,0.41,1.07,-0.26
1089,1.074,NaN,NaN,0.41,1.07,-0.26
1090,1.075,NaN,NaN,0.38,1.05,-0.28
1091,1.112,NaN,NaN,0.34,1,-0.32
1092,1.091,NaN,NaN,0.27,0.93,-0.39
1093,1.077,NaN,NaN,0.18,0.85,-0.48
1094,1.105,NaN,NaN,0.08,0.74,-0.59
1095,1.017,NaN,NaN,-0.05,0.62,-0.71
1096,1.143,NaN,NaN,-0.18,0.48,-0.85
1097,0.996,NaN,NaN,-0.33,0.33,-0.99
1098,1.015,NaN,NaN,-0.49,0.18,-1.15
1099,0.91,NaN,NaN,-0.64,0.02,-1.31
1100,1.02,NaN,NaN,-0.8,-0.14,-1.46
1101,0.979,NaN,NaN,-0.96,-0.29,-1.62
1102,0.979,NaN,NaN,-1.1,-0.44,-1.77
1103,0.926,NaN,NaN,-1.24,-0.58,-1.91
1104,0.965,NaN,NaN,-1.37,-0.71,-2.04
1105,0.945,NaN,NaN,-1.49,-0.83,-2.15
1106,1.015,NaN,NaN,-1.59,-0.93,-2.26
1107,0.988,NaN,NaN,-1.68,-1.02,-2.35
1108,0.961,NaN,NaN,-1.76,-1.1,-2.42
1109,0.857,NaN,NaN,-1.82,-1.16,-2.49
1110,0.925,NaN,NaN,-1.87,-1.21,-2.54
1111,0.885,NaN,NaN,-1.91,-1.24,-2.57
1112,0.971,NaN,NaN,-1.93,-1.27,-2.6
1113,0.884,NaN,NaN,-1.95,-1.28,-2.61
1114,0.991,NaN,NaN,-1.95,-1.29,-2.62
1115,0.954,NaN,NaN,-1.95,-1.29,-2.61
1116,0.978,NaN,NaN,-1.94,-1.28,-2.6
1117,1.031,NaN,NaN,-1.92,-1.26,-2.58
1118,0.937,NaN,NaN,-1.9,-1.23,-2.56
1119,0.99,NaN,NaN,-1.87,-1.2,-2.53
1120,0.864,NaN,NaN,-1.83,-1.17,-2.49
1121,0.861,NaN,NaN,-1.79,-1.13,-2.46
1122,0.941,NaN,NaN,-1.75,-1.08,-2.41
1123,0.993,NaN,NaN,-1.7,-1.04,-2.36
1124,0.982,NaN,NaN,-1.65,-0.99,-2.32
1125,1.069,NaN,NaN,-1.61,-0.94,-2.27
1126,0.9,NaN,NaN,-1.56,-0.89,-2.22
1127,0.88,NaN,NaN,-1.51,-0.85,-2.18
1128,0.999,NaN,NaN,-1.47,-0.81,-2.14
1129,1.056,NaN,NaN,-1.44,-0.78,-2.1
1130,0.842,NaN,NaN,-1.41,-0.75,-2.08
1131,1.125,NaN,NaN,-1.39,-0.73,-2.06
1132,0.965,NaN,NaN,-1.38,-0.72,-2.04
1133,1.119,NaN,NaN,-1.38,-0.72,-2.04
1134,0.971,NaN,NaN,-1.39,-0.73,-2.05
1135,0.884,NaN,NaN,-1.4,-0.74,-2.07
1136,1.063,NaN,NaN,-1.43,-0.76,-2.09
1137,0.902,NaN,NaN,-1.46,-0.79,-2.12
1138,1.018,NaN,NaN,-1.49,-0.83,-2.15
1139,0.943,NaN,NaN,-1.53,-0.86,-2.19
1140,0.948,NaN,NaN,-1.56,-0.9,-2.23
1141,0.985,NaN,NaN,-1.6,-0.94,-2.26
1142,0.995,NaN,NaN,-1.63,-0.97,-2.29
1143,0.875,NaN,NaN,-1.66,-0.99,-2.32
1144,1.032,NaN,NaN,-1.68,-1.02,-2.34
1145,0.838,NaN,NaN,-1.69,-1.03,-2.36
1146,0.93,NaN,NaN,-1.7,-1.04,-2.36
1147,1.045,NaN,NaN,-1.7,-1.04,-2.36
1148,0.982,NaN,NaN,-1.69,-1.03,-2.35
1149,0.945,NaN,NaN,-1.67,-1.01,-2.34
1150,0.932,NaN,NaN,-1.65,-0.98,-2.31
1151,1.095,NaN,NaN,-1.61,-0.95,-2.27
1152,0.745,NaN,NaN,-1.57,-0.9,-2.23
1153,0.951,NaN,NaN,-1.52,-0.85,-2.18
1154,0.92,NaN,NaN,-1.46,-0.8,-2.12
1155,1,NaN,NaN,-1.4,-0.73,-2.06
1156,1.075,NaN,NaN,-1.33,-0.66,-1.99
1157,1.123,NaN,NaN,-1.25,-0.59,-1.91
1158,0.928,NaN,NaN,-1.17,-0.51,-1.84
1159,0.96,NaN,NaN,-1.09,-0.43,-1.75
1160,0.93,NaN,NaN,-1,-0.34,-1.67
1161,0.879,NaN,NaN,-0.92,-0.25,-1.58
1162,1.069,NaN,NaN,-0.83,-0.17,-1.49
1163,0.952,NaN,NaN,-0.74,-0.08,-1.41
1164,1.06,NaN,NaN,-0.66,0,-1.32
1165,1.038,NaN,NaN,-0.58,0.09,-1.24
1166,1.037,NaN,NaN,-0.5,0.16,-1.16
1167,1.043,NaN,NaN,-0.43,0.23,-1.09
1168,1.054,NaN,NaN,-0.36,0.3,-1.03
1169,0.993,NaN,NaN,-0.3,0.36,-0.97
1170,1.101,NaN,NaN,-0.25,0.41,-0.92
1171,1.016,NaN,NaN,-0.21,0.45,-0.87
1172,1.043,NaN,NaN,-0.17,0.49,-0.84
1173,1.014,NaN,NaN,-0.14,0.52,-0.81
1174,1.035,NaN,NaN,-0.12,0.54,-0.78
1175,1.056,NaN,NaN,-0.1,0.56,-0.77
1176,1.032,NaN,NaN,-0.09,0.57,-0.76
1177,1.067,NaN,NaN,-0.09,0.57,-0.75
1178,1.067,NaN,NaN,-0.09,0.57,-0.75
1179,0.985,NaN,NaN,-0.09,0.57,-0.76
1180,0.949,NaN,NaN,-0.11,0.56,-0.77
1181,1.007,NaN,NaN,-0.12,0.54,-0.79
1182,1.08,NaN,NaN,-0.15,0.51,-0.81
1183,1.121,NaN,NaN,-0.18,0.48,-0.85
1184,1.006,NaN,NaN,-0.22,0.44,-0.89
1185,1.096,NaN,NaN,-0.27,0.39,-0.93
1186,0.975,NaN,NaN,-0.32,0.34,-0.99
1187,1.15,NaN,NaN,-0.38,0.28,-1.04
1188,1.024,NaN,NaN,-0.44,0.22,-1.11
1189,0.963,NaN,NaN,-0.51,0.16,-1.17
1190,1.056,NaN,NaN,-0.57,0.09,-1.23
1191,0.936,NaN,NaN,-0.63,0.03,-1.3
1192,1.079,NaN,NaN,-0.69,-0.03,-1.35
1193,0.923,NaN,NaN,-0.74,-0.08,-1.41
1194,0.957,NaN,NaN,-0.78,-0.12,-1.45
1195,0.976,NaN,NaN,-0.82,-0.16,-1.48
1196,0.98,NaN,NaN,-0.85,-0.18,-1.51
1197,0.951,NaN,NaN,-0.86,-0.2,-1.52
1198,0.94,NaN,NaN,-0.87,-0.21,-1.53
1199,0.958,NaN,NaN,-0.87,-0.21,-1.53
1200,1.12,NaN,NaN,-0.87,-0.2,-1.53
1201,1.071,NaN,NaN,-0.86,-0.2,-1.52
1202,1.029,NaN,NaN,-0.85,-0.19,-1.52
1203,0.989,NaN,NaN,-0.85,-0.18,-1.51
1204,0.92,NaN,NaN,-0.84,-0.18,-1.51
1205,0.987,NaN,NaN,-0.84,-0.18,-1.51
1206,1.033,NaN,NaN,-0.85,-0.19,-1.51
1207,1.028,NaN,NaN,-0.86,-0.2,-1.52
1208,0.943,NaN,NaN,-0.88,-0.22,-1.55
1209,1.039,NaN,NaN,-0.91,-0.25,-1.57
1210,1.08,NaN,NaN,-0.94,-0.28,-1.61
1211,1.049,NaN,NaN,-0.98,-0.32,-1.64
1212,1.005,NaN,NaN,-1.02,-0.36,-1.69
1213,0.993,NaN,NaN,-1.07,-0.41,-1.73
1214,0.893,NaN,NaN,-1.11,-0.45,-1.78
1215,1.039,NaN,NaN,-1.15,-0.49,-1.82
1216,1.023,NaN,NaN,-1.19,-0.53,-1.85
1217,0.878,NaN,NaN,-1.22,-0.56,-1.88
1218,0.897,NaN,NaN,-1.24,-0.58,-1.91
1219,0.992,NaN,NaN,-1.26,-0.6,-1.92
1220,0.966,NaN,NaN,-1.27,-0.6,-1.93
1221,1.066,NaN,NaN,-1.26,-0.6,-1.93
1222,0.855,NaN,NaN,-1.26,-0.59,-1.92
1223,0.975,NaN,NaN,-1.24,-0.58,-1.91
1224,0.985,NaN,NaN,-1.22,-0.56,-1.89
1225,1.013,NaN,NaN,-1.2,-0.54,-1.87
1226,1.026,NaN,NaN,-1.18,-0.52,-1.84
1227,0.943,NaN,NaN,-1.16,-0.5,-1.82
1228,1.064,NaN,NaN,-1.14,-0.48,-1.8
1229,1.001,NaN,NaN,-1.12,-0.46,-1.79
1230,0.992,NaN,NaN,-1.11,-0.45,-1.77
1231,0.953,NaN,NaN,-1.1,-0.44,-1.77
1232,1.049,NaN,NaN,-1.1,-0.43,-1.76
1233,1.066,NaN,NaN,-1.09,-0.43,-1.76
1234,0.883,NaN,NaN,-1.09,-0.43,-1.76
1235,0.995,NaN,NaN,-1.1,-0.43,-1.76
1236,0.965,NaN,NaN,-1.1,-0.43,-1.76
1237,0.94,NaN,NaN,-1.1,-0.43,-1.76
1238,0.999,NaN,NaN,-1.1,-0.43,-1.76
1239,1.003,NaN,NaN,-1.09,-0.43,-1.76
1240,1.022,NaN,NaN,-1.09,-0.42,-1.75
1241,1.019,NaN,NaN,-1.08,-0.41,-1.74
1242,0.999,NaN,NaN,-1.06,-0.4,-1.73
1243,0.961,NaN,NaN,-1.04,-0.38,-1.71
1244,0.958,NaN,NaN,-1.02,-0.36,-1.69
1245,1.026,NaN,NaN,-1,-0.34,-1.66
1246,0.878,NaN,NaN,-0.97,-0.31,-1.64
1247,1.003,NaN,NaN,-0.94,-0.28,-1.61
1248,0.967,NaN,NaN,-0.92,-0.25,-1.58
1249,1.09,NaN,NaN,-0.89,-0.23,-1.55
1250,0.953,NaN,NaN,-0.87,-0.2,-1.53
1251,1.057,NaN,NaN,-0.85,-0.18,-1.51
1252,1.066,NaN,NaN,-0.83,-0.17,-1.49
1253,1.005,NaN,NaN,-0.83,-0.16,-1.49
1254,1.01,NaN,NaN,-0.83,-0.16,-1.49
1255,0.962,NaN,NaN,-0.83,-0.17,-1.5
1256,0.965,NaN,NaN,-0.85,-0.19,-1.51
1257,1.045,NaN,NaN,-0.87,-0.21,-1.54
1258,1.002,NaN,NaN,-0.9,-0.24,-1.56
1259,1.039,NaN,NaN,-0.94,-0.27,-1.6
1260,1.04,NaN,NaN,-0.98,-0.31,-1.64
1261,1.06,NaN,NaN,-1.02,-0.36,-1.68
1262,1.05,NaN,NaN,-1.06,-0.4,-1.72
1263,0.743,NaN,NaN,-1.1,-0.43,-1.77
1264,1.022,NaN,NaN,-1.14,-0.47,-1.8
1265,0.982,NaN,NaN,-1.17,-0.51,-1.83
1266,0.993,NaN,NaN,-1.19,-0.53,-1.86
1267,0.941,NaN,NaN,-1.21,-0.55,-1.88
1268,0.972,NaN,NaN,-1.22,-0.56,-1.89
1269,0.995,NaN,NaN,-1.23,-0.57,-1.89
1270,0.98,NaN,NaN,-1.23,-0.56,-1.89
1271,0.949,NaN,NaN,-1.22,-0.55,-1.88
1272,1.035,NaN,NaN,-1.2,-0.54,-1.86
1273,0.916,NaN,NaN,-1.18,-0.52,-1.84
1274,0.974,NaN,NaN,-1.16,-0.49,-1.82
1275,0.977,NaN,NaN,-1.13,-0.47,-1.79
1276,1.032,NaN,NaN,-1.1,-0.44,-1.76
1277,1.018,NaN,NaN,-1.07,-0.41,-1.74
1278,1.022,NaN,NaN,-1.04,-0.38,-1.71
1279,1.05,NaN,NaN,-1.02,-0.35,-1.68
1280,0.904,NaN,NaN,-0.99,-0.32,-1.65
1281,1.008,NaN,NaN,-0.96,-0.3,-1.62
1282,0.959,NaN,NaN,-0.93,-0.27,-1.59
1283,1.006,NaN,NaN,-0.9,-0.24,-1.57
1284,1.077,NaN,NaN,-0.87,-0.21,-1.54
1285,0.913,NaN,NaN,-0.84,-0.18,-1.51
1286,1.032,NaN,NaN,-0.81,-0.15,-1.48
1287,0.979,NaN,NaN,-0.78,-0.12,-1.45
1288,0.967,NaN,NaN,-0.75,-0.09,-1.42
1289,1.05,NaN,NaN,-0.72,-0.06,-1.38
1290,1.044,NaN,NaN,-0.69,-0.03,-1.35
1291,1.029,NaN,NaN,-0.66,0,-1.32
1292,0.914,NaN,NaN,-0.63,0.03,-1.3
1293,0.975,NaN,NaN,-0.61,0.06,-1.27
1294,1.065,NaN,NaN,-0.58,0.08,-1.25
1295,1.047,NaN,NaN,-0.56,0.1,-1.23
1296,1.038,NaN,NaN,-0.55,0.12,-1.21
1297,1.029,NaN,NaN,-0.53,0.13,-1.2
1298,1.075,NaN,NaN,-0.52,0.14,-1.18
1299,0.994,NaN,NaN,-0.51,0.15,-1.17
1300,1.012,NaN,NaN,-0.5,0.16,-1.16
1301,1.056,NaN,NaN,-0.49,0.18,-1.15
1302,0.969,NaN,NaN,-0.47,0.19,-1.14
1303,0.991,NaN,NaN,-0.46,0.21,-1.12
1304,1.034,NaN,NaN,-0.44,0.22,-1.1
1305,0.945,NaN,NaN,-0.42,0.25,-1.08
1306,0.924,NaN,NaN,-0.4,0.27,-1.06
1307,1.02,NaN,NaN,-0.37,0.29,-1.04
1308,1.1,NaN,NaN,-0.35,0.31,-1.02
1309,1.08,NaN,NaN,-0.34,0.32,-1
1310,0.99,NaN,NaN,-0.33,0.33,-0.99
1311,1.004,NaN,NaN,-0.32,0.34,-0.99
1312,1.04,NaN,NaN,-0.33,0.33,-0.99
1313,1.087,NaN,NaN,-0.35,0.32,-1.01
1314,1.056,NaN,NaN,-0.37,0.29,-1.03
1315,1.142,NaN,NaN,-0.41,0.26,-1.07
1316,1.052,NaN,NaN,-0.45,0.21,-1.11
1317,1.046,NaN,NaN,-0.5,0.16,-1.16
1318,1.039,NaN,NaN,-0.55,0.11,-1.21
1319,0.83,NaN,NaN,-0.61,0.06,-1.27
1320,0.979,NaN,NaN,-0.66,0.01,-1.32
1321,1.041,NaN,NaN,-0.7,-0.04,-1.37
1322,1.019,NaN,NaN,-0.75,-0.08,-1.41
1323,0.937,NaN,NaN,-0.78,-0.11,-1.44
1324,0.956,NaN,NaN,-0.8,-0.14,-1.46
1325,1.04,NaN,NaN,-0.81,-0.15,-1.48
1326,0.911,NaN,NaN,-0.82,-0.15,-1.48
1327,1.08,NaN,NaN,-0.81,-0.15,-1.47
1328,0.859,NaN,NaN,-0.8,-0.13,-1.46
1329,1.02,NaN,NaN,-0.78,-0.12,-1.44
1330,1.044,NaN,NaN,-0.76,-0.09,-1.42
1331,1.054,NaN,NaN,-0.73,-0.07,-1.4
1332,1.006,NaN,NaN,-0.71,-0.05,-1.37
1333,1.052,NaN,NaN,-0.69,-0.03,-1.35
1334,1.064,NaN,NaN,-0.67,-0.01,-1.34
1335,1.02,NaN,NaN,-0.66,0,-1.32
1336,0.983,NaN,NaN,-0.65,0.01,-1.31
1337,1.067,NaN,NaN,-0.65,0.02,-1.31
1338,0.882,NaN,NaN,-0.65,0.02,-1.31
1339,1.054,NaN,NaN,-0.65,0.01,-1.32
1340,0.919,NaN,NaN,-0.66,0,-1.33
1341,1.085,NaN,NaN,-0.68,-0.01,-1.34
1342,1.082,NaN,NaN,-0.69,-0.03,-1.35
1343,1.024,NaN,NaN,-0.71,-0.05,-1.37
1344,0.954,NaN,NaN,-0.73,-0.07,-1.4
1345,0.994,NaN,NaN,-0.76,-0.09,-1.42
1346,0.904,NaN,NaN,-0.79,-0.12,-1.45
1347,1.007,NaN,NaN,-0.82,-0.15,-1.48
1348,1.095,NaN,NaN,-0.85,-0.19,-1.51
1349,1.057,NaN,NaN,-0.88,-0.22,-1.55
1350,0.946,NaN,NaN,-0.92,-0.26,-1.58
1351,1.102,NaN,NaN,-0.95,-0.29,-1.62
1352,0.994,NaN,NaN,-0.99,-0.33,-1.65
1353,0.915,NaN,NaN,-1.02,-0.36,-1.69
1354,1.044,NaN,NaN,-1.05,-0.39,-1.72
1355,0.973,NaN,NaN,-1.08,-0.42,-1.74
1356,0.781,NaN,NaN,-1.1,-0.43,-1.77
1357,1.03,NaN,NaN,-1.11,-0.45,-1.77
1358,1.118,NaN,NaN,-1.11,-0.45,-1.78
1359,0.978,NaN,NaN,-1.11,-0.45,-1.77
1360,0.883,NaN,NaN,-1.09,-0.43,-1.76
1361,0.969,NaN,NaN,-1.07,-0.41,-1.73
1362,0.975,NaN,NaN,-1.04,-0.37,-1.7
1363,1.013,NaN,NaN,-0.99,-0.33,-1.66
1364,1.041,NaN,NaN,-0.95,-0.28,-1.61
1365,0.877,NaN,NaN,-0.89,-0.23,-1.55
1366,1.073,NaN,NaN,-0.83,-0.17,-1.49
1367,1.052,NaN,NaN,-0.77,-0.1,-1.43
1368,0.923,NaN,NaN,-0.7,-0.04,-1.36
1369,1.036,NaN,NaN,-0.63,0.03,-1.3
1370,1.034,NaN,NaN,-0.57,0.09,-1.23
1371,1.028,NaN,NaN,-0.51,0.16,-1.17
1372,1.002,NaN,NaN,-0.45,0.21,-1.11
1373,0.96,NaN,NaN,-0.4,0.26,-1.06
1374,1.092,NaN,NaN,-0.36,0.31,-1.02
1375,1.036,NaN,NaN,-0.32,0.34,-0.98
1376,1.041,NaN,NaN,-0.3,0.37,-0.96
1377,1.077,NaN,NaN,-0.28,0.38,-0.94
1378,1.045,NaN,NaN,-0.27,0.39,-0.94
1379,1.131,NaN,NaN,-0.28,0.39,-0.94
1380,0.977,NaN,NaN,-0.29,0.37,-0.95
1381,0.908,NaN,NaN,-0.31,0.35,-0.98
1382,1.059,NaN,NaN,-0.34,0.32,-1
1383,1.066,NaN,NaN,-0.38,0.29,-1.04
1384,0.987,NaN,NaN,-0.41,0.25,-1.08
1385,1.096,NaN,NaN,-0.46,0.21,-1.12
1386,1.045,NaN,NaN,-0.5,0.16,-1.16
1387,1.029,NaN,NaN,-0.54,0.12,-1.2
1388,1.043,NaN,NaN,-0.58,0.09,-1.24
1389,0.855,NaN,NaN,-0.61,0.06,-1.27
1390,1.022,NaN,NaN,-0.63,0.03,-1.29
1391,0.999,NaN,NaN,-0.65,0.01,-1.31
1392,0.965,NaN,NaN,-0.66,0.01,-1.32
1393,1.025,NaN,NaN,-0.66,0.01,-1.32
1394,0.954,NaN,NaN,-0.65,0.01,-1.31
1395,1.056,NaN,NaN,-0.63,0.03,-1.3
1396,0.915,NaN,NaN,-0.61,0.05,-1.28
1397,1.034,NaN,NaN,-0.59,0.07,-1.25
1398,1.046,NaN,NaN,-0.56,0.1,-1.22
1399,1.038,NaN,NaN,-0.53,0.13,-1.2
1400,1.016,NaN,NaN,-0.51,0.15,-1.17
1401,1.045,NaN,NaN,-0.49,0.17,-1.16
1402,1.053,NaN,NaN,-0.48,0.18,-1.14
1403,0.98,NaN,NaN,-0.48,0.18,-1.14
1404,1.017,NaN,NaN,-0.49,0.17,-1.15
1405,0.994,NaN,NaN,-0.51,0.15,-1.17
1406,1.112,NaN,NaN,-0.55,0.12,-1.21
1407,1.002,NaN,NaN,-0.59,0.07,-1.25
1408,1.048,NaN,NaN,-0.65,0.01,-1.31
1409,1.045,NaN,NaN,-0.72,-0.05,-1.38
1410,1.07,NaN,NaN,-0.79,-0.13,-1.46
1411,0.995,NaN,NaN,-0.88,-0.21,-1.54
1412,0.961,NaN,NaN,-0.96,-0.3,-1.62
1413,1.047,NaN,NaN,-1.04,-0.38,-1.71
1414,0.915,NaN,NaN,-1.13,-0.46,-1.79
1415,1.002,NaN,NaN,-1.2,-0.54,-1.87
1416,0.922,NaN,NaN,-1.27,-0.61,-1.93
1417,0.921,NaN,NaN,-1.33,-0.67,-1.99
1418,0.935,NaN,NaN,-1.38,-0.71,-2.04
1419,0.915,NaN,NaN,-1.41,-0.75,-2.07
1420,0.978,NaN,NaN,-1.43,-0.77,-2.09
1421,1.022,NaN,NaN,-1.44,-0.78,-2.11
1422,1.005,NaN,NaN,-1.44,-0.78,-2.11
1423,0.806,NaN,NaN,-1.44,-0.77,-2.1
1424,1.044,NaN,NaN,-1.42,-0.76,-2.09
1425,1.037,NaN,NaN,-1.41,-0.74,-2.07
1426,0.954,NaN,NaN,-1.39,-0.73,-2.05
1427,0.974,NaN,NaN,-1.38,-0.71,-2.04
1428,1.051,NaN,NaN,-1.37,-0.7,-2.03
1429,0.859,NaN,NaN,-1.36,-0.7,-2.03
1430,0.966,NaN,NaN,-1.36,-0.7,-2.03
1431,1.043,NaN,NaN,-1.38,-0.71,-2.04
1432,1.096,NaN,NaN,-1.39,-0.73,-2.06
1433,0.938,NaN,NaN,-1.42,-0.76,-2.08
1434,1.013,NaN,NaN,-1.45,-0.79,-2.11
1435,1.046,NaN,NaN,-1.48,-0.82,-2.15
1436,0.944,NaN,NaN,-1.52,-0.86,-2.18
1437,1.018,NaN,NaN,-1.56,-0.89,-2.22
1438,1.009,NaN,NaN,-1.59,-0.92,-2.25
1439,0.732,NaN,NaN,-1.61,-0.94,-2.28
1440,0.905,NaN,NaN,-1.63,-0.97,-2.29
1441,0.933,NaN,NaN,-1.64,-0.98,-2.3
1442,0.951,NaN,NaN,-1.64,-0.98,-2.3
1443,0.997,NaN,NaN,-1.63,-0.97,-2.3
1444,0.899,NaN,NaN,-1.62,-0.95,-2.28
1445,1.016,NaN,NaN,-1.59,-0.93,-2.26
1446,0.959,NaN,NaN,-1.57,-0.9,-2.23
1447,1.004,NaN,NaN,-1.53,-0.87,-2.2
1448,1.048,NaN,NaN,-1.5,-0.84,-2.16
1449,0.929,NaN,NaN,-1.47,-0.8,-2.13
1450,1.017,NaN,NaN,-1.43,-0.77,-2.1
1451,1,NaN,NaN,-1.4,-0.74,-2.07
1452,0.958,NaN,NaN,-1.38,-0.72,-2.04
1453,0.849,NaN,NaN,-1.36,-0.69,-2.02
1454,1.002,NaN,NaN,-1.34,-0.68,-2.01
1455,1.046,NaN,NaN,-1.33,-0.67,-2
1456,0.973,NaN,NaN,-1.33,-0.67,-1.99
1457,0.945,NaN,NaN,-1.33,-0.67,-1.99
1458,1.075,NaN,NaN,-1.33,-0.67,-1.99
1459,1.018,NaN,NaN,-1.34,-0.68,-2
1460,1.048,NaN,NaN,-1.35,-0.68,-2.01
1461,0.895,NaN,NaN,-1.36,-0.69,-2.02
1462,0.961,NaN,NaN,-1.36,-0.7,-2.03
1463,0.899,NaN,NaN,-1.37,-0.7,-2.03
1464,0.953,NaN,NaN,-1.37,-0.71,-2.03
1465,1.032,NaN,NaN,-1.37,-0.71,-2.03
1466,0.924,NaN,NaN,-1.36,-0.7,-2.03
1467,1.05,NaN,NaN,-1.35,-0.69,-2.02
1468,0.9,NaN,NaN,-1.34,-0.67,-2
1469,0.947,NaN,NaN,-1.31,-0.65,-1.98
1470,1.002,NaN,NaN,-1.29,-0.62,-1.95
1471,0.961,NaN,NaN,-1.26,-0.59,-1.92
1472,1.041,NaN,NaN,-1.22,-0.56,-1.88
1473,1.031,NaN,NaN,-1.18,-0.52,-1.84
1474,0.925,NaN,NaN,-1.14,-0.48,-1.8
1475,1.018,NaN,NaN,-1.1,-0.43,-1.76
1476,0.874,NaN,NaN,-1.05,-0.39,-1.72
1477,1.036,NaN,NaN,-1.01,-0.34,-1.67
1478,0.996,NaN,NaN,-0.96,-0.3,-1.62
1479,1.027,NaN,NaN,-0.92,-0.25,-1.58
1480,1.057,NaN,NaN,-0.87,-0.21,-1.53
1481,0.938,NaN,NaN,-0.83,-0.16,-1.49
1482,1.039,NaN,NaN,-0.78,-0.12,-1.45
1483,1.007,NaN,NaN,-0.74,-0.08,-1.4
1484,1.032,NaN,NaN,-0.7,-0.04,-1.36
1485,1.008,NaN,NaN,-0.66,0,-1.32
1486,1,NaN,NaN,-0.62,0.04,-1.28
1487,0.981,NaN,NaN,-0.58,0.08,-1.24
1488,0.955,NaN,NaN,-0.55,0.12,-1.21
1489,1.07,NaN,NaN,-0.51,0.15,-1.18
1490,0.964,NaN,NaN,-0.49,0.18,-1.15
1491,1.054,NaN,NaN,-0.46,0.2,-1.12
1492,0.984,0.965,NaN,-0.44,0.22,-1.1
1493,1.079,1.049,NaN,-0.43,0.23,-1.09
1494,1.089,0.976,NaN,-0.42,0.24,-1.08
1495,1.082,0.842,NaN,-0.42,0.24,-1.08
1496,1.03,1.006,NaN,-0.43,0.24,-1.09
1497,0.98,1.031,NaN,-0.44,0.23,-1.1
1498,0.984,1.077,NaN,-0.45,0.21,-1.12
1499,1.028,1.072,NaN,-0.47,0.19,-1.14
1500,1.034,1.01,NaN,-0.5,0.16,-1.16
1501,1.001,1.03,NaN,-0.53,0.14,-1.19
1502,0.999,0.993,NaN,-0.56,0.11,-1.22
1503,1.032,1.018,NaN,-0.59,0.08,-1.25
1504,1.009,1.042,NaN,-0.62,0.04,-1.28
1505,1.046,1.067,NaN,-0.65,0.01,-1.31
1506,0.913,0.987,NaN,-0.69,-0.02,-1.35
1507,0.998,1.033,NaN,-0.72,-0.06,-1.38
1508,0.985,0.962,NaN,-0.76,-0.1,-1.42
1509,1.012,0.997,NaN,-0.8,-0.13,-1.46
1510,1.041,1.021,NaN,-0.83,-0.17,-1.5
1511,1.055,1.003,NaN,-0.87,-0.21,-1.54
1512,1.048,0.868,NaN,-0.91,-0.25,-1.57
1513,1.046,0.945,NaN,-0.95,-0.28,-1.61
1514,1.017,0.99,NaN,-0.98,-0.32,-1.64
1515,0.953,1,NaN,-1.01,-0.34,-1.67
1516,0.881,0.831,NaN,-1.03,-0.36,-1.69
1517,0.975,1.032,NaN,-1.04,-0.37,-1.7
1518,0.897,0.976,NaN,-1.04,-0.38,-1.71
1519,1.005,1.005,NaN,-1.03,-0.37,-1.7
1520,0.993,1.013,NaN,-1.02,-0.36,-1.68
1521,1.021,1.015,NaN,-0.99,-0.33,-1.66
1522,0.969,1.018,NaN,-0.96,-0.3,-1.62
1523,0.896,1.031,NaN,-0.92,-0.25,-1.58
1524,1.039,1.023,NaN,-0.87,-0.21,-1.53
1525,1.003,0.993,NaN,-0.82,-0.16,-1.49
1526,1.063,0.984,NaN,-0.77,-0.11,-1.43
1527,0.99,1.095,NaN,-0.72,-0.06,-1.38
1528,1.031,1.011,NaN,-0.67,-0.01,-1.33
1529,1.069,1.035,NaN,-0.63,0.04,-1.29
1530,1.078,1.026,NaN,-0.58,0.08,-1.25
1531,0.902,1.039,NaN,-0.55,0.12,-1.21
1532,1.057,0.859,NaN,-0.52,0.15,-1.18
1533,0.975,1.02,NaN,-0.49,0.17,-1.15
1534,1.041,0.956,NaN,-0.47,0.19,-1.13
1535,1.064,0.973,NaN,-0.45,0.21,-1.12
1536,1.067,1.019,NaN,-0.44,0.22,-1.1
1537,0.865,1.026,NaN,-0.43,0.24,-1.09
1538,1.065,0.924,NaN,-0.42,0.24,-1.08
1539,1.103,0.971,NaN,-0.41,0.25,-1.07
1540,1.059,0.985,NaN,-0.4,0.26,-1.07
1541,1.036,0.892,NaN,-0.4,0.27,-1.06
1542,0.812,0.932,NaN,-0.39,0.28,-1.05
1543,1.062,1.056,NaN,-0.38,0.28,-1.04
1544,1.079,1.029,NaN,-0.37,0.29,-1.03
1545,0.985,0.932,NaN,-0.36,0.3,-1.03
1546,1.048,0.997,NaN,-0.35,0.31,-1.02
1547,1.055,0.984,NaN,-0.35,0.32,-1.01
1548,1.051,0.996,NaN,-0.34,0.33,-1
1549,0.998,0.879,NaN,-0.33,0.33,-0.99
1550,0.977,1.044,NaN,-0.32,0.34,-0.98
1551,1.065,1.068,1.156,-0.31,0.35,-0.97
1552,1.061,1.033,1.108,-0.3,0.36,-0.97
1553,1.075,1.002,1.096,-0.3,0.37,-0.96
1554,1.011,1.01,1.113,-0.29,0.37,-0.95
1555,0.926,1.065,1.119,-0.28,0.38,-0.95
1556,0.993,0.807,0.954,-0.28,0.38,-0.94
1557,1.019,1.01,0.954,-0.28,0.39,-0.94
1558,1.085,0.954,1.036,-0.28,0.39,-0.94
1559,0.979,1.111,1.009,-0.28,0.38,-0.95
1560,1.079,1.129,1.113,-0.29,0.37,-0.96
1561,1.006,1.121,1.044,-0.31,0.35,-0.97
1562,1.041,1.01,1.023,-0.33,0.33,-0.99
1563,1.086,0.929,0.887,-0.36,0.3,-1.02
1564,1.07,1.085,1.015,-0.4,0.27,-1.06
1565,1.058,0.929,1.04,-0.44,0.22,-1.1
1566,0.999,1,1.061,-0.49,0.18,-1.15
1567,1.024,0.983,0.983,-0.54,0.12,-1.2
1568,0.991,0.938,0.934,-0.59,0.07,-1.26
1569,0.961,0.938,0.967,-0.65,0.01,-1.31
1570,1.031,1.062,0.965,-0.7,-0.04,-1.37
1571,1.005,0.951,1,-0.76,-0.1,-1.42
1572,0.967,0.992,1,-0.81,-0.14,-1.47
1573,0.957,1.036,1.061,-0.85,-0.19,-1.52
1574,0.996,1.043,1.061,-0.89,-0.23,-1.56
1575,1.023,1.056,1.112,-0.93,-0.26,-1.59
1576,1.05,0.973,1.012,-0.95,-0.29,-1.62
1577,0.94,0.868,0.997,-0.98,-0.31,-1.64
1578,0.89,1.024,0.96,-0.99,-0.33,-1.66
1579,1.09,1.057,1.099,-1,-0.34,-1.66
1580,0.887,1.001,0.99,-1.01,-0.34,-1.67
1581,1.025,0.981,0.966,-1.01,-0.35,-1.67
1582,1.023,1.01,0.981,-1.01,-0.34,-1.67
1583,1.043,1.102,1.046,-1,-0.34,-1.67
1584,1.03,1.041,1.034,-1,-0.34,-1.66
1585,0.904,0.975,0.939,-1,-0.33,-1.66
1586,1.025,1.002,1.072,-0.99,-0.33,-1.65
1587,1.047,0.978,1.096,-0.99,-0.32,-1.65
1588,0.834,1.018,1.114,-0.98,-0.32,-1.65
1589,1.082,1.045,1.096,-0.98,-0.32,-1.64
1590,1.03,1.035,1.059,-0.98,-0.31,-1.64
1591,1.073,0.863,0.858,-0.97,-0.31,-1.64
1592,0.896,0.961,0.878,-0.98,-0.31,-1.64
1593,0.925,0.924,0.941,-0.98,-0.31,-1.64
1594,0.997,0.99,0.997,-0.98,-0.32,-1.64
1595,1.056,0.939,0.823,-0.99,-0.32,-1.65
1596,1.001,1.027,0.801,-0.99,-0.33,-1.66
1597,1.01,1.023,0.833,-1,-0.34,-1.66
1598,1.039,0.986,0.923,-1.01,-0.34,-1.67
1599,1.049,1.059,1.061,-1.01,-0.35,-1.68
1600,0.952,0.87,0.941,-1.02,-0.36,-1.68
1601,0.84,0.933,0.953,-1.03,-0.36,-1.69
1602,1.09,1.023,1,-1.03,-0.37,-1.69
1603,0.967,1.036,1.023,-1.03,-0.37,-1.7
1604,1.017,1.021,0.957,-1.03,-0.37,-1.7
1605,0.942,0.992,0.882,-1.03,-0.37,-1.7
1606,0.98,0.97,0.854,-1.03,-0.37,-1.69
1607,0.985,0.98,0.923,-1.02,-0.36,-1.69
1608,1.025,0.971,0.926,-1.02,-0.36,-1.68
1609,0.895,1.003,0.887,-1.01,-0.35,-1.68
1610,1.07,1.052,1.073,-1,-0.34,-1.67
1611,1.072,0.974,1.034,-1,-0.34,-1.66
1612,1.026,1.063,1.085,-0.99,-0.33,-1.66
1613,0.941,0.968,1.009,-0.99,-0.32,-1.65
1614,0.914,1.005,1.09,-0.98,-0.32,-1.65
1615,1.045,1.057,1.035,-0.98,-0.32,-1.64
1616,1.038,1.022,1.076,-0.98,-0.31,-1.64
1617,1.001,1.006,1.051,-0.97,-0.31,-1.63
1618,0.955,1.03,1,-0.96,-0.3,-1.63
1619,1.002,0.856,0.993,-0.95,-0.29,-1.62
1620,0.922,0.967,0.961,-0.94,-0.28,-1.6
1621,1.069,0.997,0.93,-0.92,-0.26,-1.59
1622,1.098,0.993,0.974,-0.9,-0.24,-1.56
1623,0.838,0.944,0.96,-0.88,-0.21,-1.54
1624,1.017,0.982,0.969,-0.85,-0.18,-1.51
1625,0.955,1.018,0.99,-0.81,-0.15,-1.48
1626,1.018,0.994,1.105,-0.78,-0.11,-1.44
1627,0.958,0.955,0.959,-0.74,-0.08,-1.41
1628,1.038,0.991,1.034,-0.71,-0.05,-1.37
1629,0.95,1,0.99,-0.68,-0.02,-1.34
1630,1.1,1.006,1.014,-0.65,0.01,-1.32
1631,1.008,0.976,1.044,-0.64,0.02,-1.3
1632,1.024,0.91,0.946,-0.63,0.03,-1.29
1633,1.079,1.029,1.059,-0.63,0.03,-1.29
1634,1.042,0.945,1.039,-0.64,0.02,-1.3
1635,1.059,1.06,1.001,-0.66,0,-1.32
1636,0.969,1.067,1.072,-0.69,-0.03,-1.35
1637,1.094,0.99,1.048,-0.73,-0.06,-1.39
1638,1.011,1.001,1.091,-0.76,-0.1,-1.43
1639,0.948,1.038,1.046,-0.81,-0.14,-1.47
1640,1.051,1.055,1.113,-0.85,-0.18,-1.51
1641,0.873,0.837,0.937,-0.88,-0.22,-1.55
1642,1.025,0.994,0.913,-0.91,-0.25,-1.58
1643,0.889,0.921,0.902,-0.94,-0.27,-1.6
1644,1.06,1.015,1.034,-0.95,-0.29,-1.62
1645,0.949,0.991,0.968,-0.96,-0.3,-1.62
1646,0.911,0.992,0.961,-0.96,-0.3,-1.62
1647,1.026,1.016,1.041,-0.95,-0.29,-1.61
1648,1.006,1.062,1.081,-0.93,-0.27,-1.6
1649,0.982,0.971,0.857,-0.91,-0.25,-1.57
1650,1.089,1.033,1.017,-0.89,-0.22,-1.55
1651,0.968,1.026,1.016,-0.86,-0.2,-1.53
1652,0.983,1.067,0.974,-0.84,-0.18,-1.5
1653,1.074,0.852,0.926,-0.82,-0.16,-1.48
1654,0.913,1.03,1.008,-0.81,-0.14,-1.47
1655,1.027,0.962,1.018,-0.8,-0.14,-1.46
1656,0.984,1.063,1.035,-0.8,-0.14,-1.47
1657,1.049,1.106,1.149,-0.82,-0.16,-1.48
1658,1.027,1.068,1.087,-0.84,-0.18,-1.5
1659,1.059,1.062,1.078,-0.88,-0.21,-1.54
1660,1.07,1.037,1.131,-0.92,-0.26,-1.59
1661,1.02,1.039,1.065,-0.98,-0.32,-1.64
1662,1.014,1.044,1.047,-1.04,-0.38,-1.7
1663,0.886,0.933,0.905,-1.11,-0.45,-1.78
1664,0.949,1.04,1.005,-1.19,-0.52,-1.85
1665,0.953,1.026,0.929,-1.27,-0.6,-1.93
1666,1.022,1.04,1.066,-1.35,-0.68,-2.01
1667,0.985,0.968,0.919,-1.43,-0.76,-2.09
1668,1.058,1.039,1.033,-1.5,-0.84,-2.16
1669,1.049,1.04,1.037,-1.57,-0.91,-2.23
1670,0.751,1.026,0.945,-1.63,-0.97,-2.3
1671,0.949,0.827,0.91,-1.69,-1.03,-2.35
1672,0.98,1.016,0.947,-1.74,-1.07,-2.4
1673,0.93,0.98,1.007,-1.77,-1.11,-2.44
1674,0.98,0.968,0.917,-1.8,-1.14,-2.46
1675,0.88,1.018,0.992,-1.82,-1.15,-2.48
1676,1.016,1.016,0.986,-1.82,-1.16,-2.49
1677,0.829,0.849,0.84,-1.82,-1.16,-2.49
1678,0.983,1.039,1.02,-1.82,-1.16,-2.48
1679,0.932,0.776,0.862,-1.81,-1.15,-2.47
1680,1.007,0.918,0.899,-1.8,-1.14,-2.46
1681,0.928,0.95,0.958,-1.79,-1.12,-2.45
1682,1.015,0.998,0.97,-1.78,-1.11,-2.44
1683,1.052,0.934,1.006,-1.77,-1.1,-2.43
1684,0.97,1.105,1.051,-1.76,-1.1,-2.42
1685,0.857,0.907,0.892,-1.76,-1.09,-2.42
1686,0.985,0.923,1.031,-1.76,-1.1,-2.42
1687,0.968,1.039,0.956,-1.77,-1.1,-2.43
1688,1.043,0.93,1.011,-1.77,-1.11,-2.43
1689,0.926,1.006,0.944,-1.78,-1.12,-2.44
1690,0.844,1.004,0.854,-1.79,-1.12,-2.45
1691,0.998,1.004,0.974,-1.79,-1.13,-2.46
1692,1.061,1.012,1.017,-1.8,-1.14,-2.46
1693,0.957,0.936,0.934,-1.8,-1.14,-2.46
1694,0.873,1.062,1.039,-1.79,-1.13,-2.46
1695,0.825,0.987,0.889,-1.78,-1.12,-2.45
1696,1.015,0.973,0.962,-1.77,-1.1,-2.43
1697,1.001,0.984,1.002,-1.74,-1.08,-2.41
1698,1.025,1.018,0.984,-1.71,-1.05,-2.38
1699,0.82,0.935,0.833,-1.68,-1.01,-2.35
1700,1.007,1.018,1.016,-1.64,-0.98,-2.3
1701,0.925,0.904,0.89,-1.6,-0.94,-2.26
1702,0.97,0.997,0.976,-1.56,-0.89,-2.22
1703,0.985,1.031,0.973,-1.51,-0.85,-2.17
1704,0.962,1.069,0.985,-1.47,-0.8,-2.13
1705,0.98,0.999,0.983,-1.43,-0.76,-2.09
1706,1.02,1.078,1.051,-1.38,-0.72,-2.05
1707,1.02,1.027,1.083,-1.34,-0.68,-2.01
1708,1.083,1.039,1.025,-1.3,-0.64,-1.97
1709,0.865,0.996,0.988,-1.27,-0.6,-1.93
1710,1.027,0.939,0.962,-1.23,-0.57,-1.89
1711,0.896,0.945,0.887,-1.19,-0.52,-1.85
1712,1.021,0.903,0.847,-1.15,-0.48,-1.81
1713,1.052,1.056,1.002,-1.1,-0.44,-1.76
1714,0.902,0.979,0.928,-1.05,-0.39,-1.71
1715,1.022,1.01,0.971,-1,-0.33,-1.66
1716,0.996,1.023,0.942,-0.94,-0.28,-1.6
1717,0.884,0.974,0.913,-0.88,-0.21,-1.54
1718,0.986,1.027,1.004,-0.82,-0.15,-1.48
1719,0.941,0.92,0.96,-0.75,-0.09,-1.42
1720,1.043,1.112,1.013,-0.69,-0.03,-1.36
1721,1.065,1.116,0.997,-0.64,0.02,-1.3
1722,1.057,1.043,1.002,-0.59,0.07,-1.25
1723,1.061,1.053,0.926,-0.55,0.12,-1.21
1724,1.032,0.948,0.93,-0.51,0.15,-1.18
1725,1.094,0.933,0.953,-0.49,0.17,-1.15
1726,1.088,0.992,0.992,-0.48,0.19,-1.14
1727,0.967,1.031,0.963,-0.47,0.19,-1.13
1728,1.043,1.089,1.007,-0.47,0.19,-1.14
1729,0.969,1.005,0.9,-0.48,0.18,-1.15
1730,0.963,1.005,0.981,-0.5,0.16,-1.16
1731,1.081,0.897,0.942,-0.52,0.15,-1.18
1732,1.051,1.016,0.971,-0.54,0.13,-1.2
1733,0.927,1.002,0.949,-0.56,0.1,-1.22
1734,0.992,1.009,0.991,-0.58,0.08,-1.24
1735,1.001,0.88,0.909,-0.6,0.06,-1.26
1736,0.994,1.067,1.022,-0.62,0.04,-1.28
1737,0.988,1.032,1,-0.64,0.03,-1.3
1738,1.005,0.937,0.876,-0.65,0.01,-1.32
1739,1.093,1.112,1.116,-0.67,-0.01,-1.33
1740,1.02,1.031,0.989,-0.68,-0.02,-1.35
1741,1.015,0.892,0.948,-0.7,-0.03,-1.36
1742,1.04,1.044,1.024,-0.71,-0.04,-1.37
1743,0.985,1.064,0.989,-0.72,-0.05,-1.38
1744,0.997,1.042,1.022,-0.72,-0.06,-1.38
1745,0.965,1.028,0.98,-0.72,-0.06,-1.39
1746,1.033,0.993,0.968,-0.72,-0.06,-1.39
1747,0.991,0.938,0.929,-0.72,-0.05,-1.38
1748,1.028,1.05,1.034,-0.7,-0.04,-1.37
1749,0.913,1.057,0.972,-0.69,-0.02,-1.35
1750,1.105,0.856,1.022,-0.66,0,-1.33
1751,0.914,0.973,1.018,-0.64,0.03,-1.3
1752,0.9,0.958,0.93,-0.6,0.06,-1.27
1753,1,1.049,0.959,-0.57,0.09,-1.23
1754,1.056,1.107,1.11,-0.54,0.13,-1.2
1755,1.054,0.876,0.994,-0.5,0.16,-1.16
1756,1.094,0.904,0.949,-0.47,0.19,-1.13
1757,1.074,1.049,1.014,-0.44,0.22,-1.1
1758,1.013,0.968,0.927,-0.42,0.25,-1.08
1759,1.02,0.98,0.896,-0.39,0.27,-1.06
1760,1.025,1.076,1.033,-0.38,0.28,-1.04
1761,1.056,1.001,1.01,-0.37,0.3,-1.03
1762,1.04,1.1,0.998,-0.36,0.3,-1.02
1763,0.998,1.13,0.971,-0.35,0.31,-1.02
1764,1.063,1.015,0.996,-0.35,0.31,-1.01
1765,0.914,1.077,0.953,-0.35,0.31,-1.02
1766,0.962,1.033,1.03,-0.36,0.31,-1.02
1767,1.036,1.017,1.009,-0.36,0.3,-1.03
1768,1.054,1.039,1.063,-0.38,0.29,-1.04
1769,1.026,0.881,0.95,-0.39,0.27,-1.06
1770,0.971,1.026,0.933,-0.42,0.25,-1.08
1771,1.108,1.022,1.018,-0.45,0.22,-1.11
1772,1.03,1.006,0.998,-0.48,0.18,-1.15
1773,1.091,1.04,0.991,-0.53,0.13,-1.19
1774,1.037,1.086,1.063,-0.59,0.08,-1.25
1775,1.02,1.056,1.114,-0.65,0.01,-1.31
1776,0.991,1.053,0.974,-0.72,-0.06,-1.39
1777,1.063,0.924,1.099,-0.8,-0.14,-1.47
1778,0.929,0.923,0.891,-0.89,-0.22,-1.55
1779,1.074,1.067,1.065,-0.97,-0.31,-1.64
1780,0.89,0.971,0.968,-1.06,-0.4,-1.73
1781,1.05,1.015,1.091,-1.15,-0.48,-1.81
1782,1.041,1.062,0.973,-1.23,-0.56,-1.89
1783,0.763,0.99,0.934,-1.3,-0.63,-1.97
1784,1.017,0.959,1.089,-1.36,-0.7,-2.02
1785,1.01,1.009,1.007,-1.41,-0.75,-2.08
1786,0.923,0.937,0.985,-1.45,-0.79,-2.12
1787,0.966,0.998,1.042,-1.48,-0.82,-2.14
1788,1.07,1.012,0.999,-1.49,-0.83,-2.16
1789,0.895,1.052,1.005,-1.49,-0.83,-2.16
1790,0.867,0.963,0.944,-1.48,-0.82,-2.15
1791,0.858,1.028,0.972,-1.46,-0.8,-2.13
1792,1.03,0.972,0.919,-1.43,-0.77,-2.09
1793,1.013,0.909,1.04,-1.39,-0.73,-2.06
1794,0.97,0.97,0.939,-1.35,-0.69,-2.02
1795,0.92,1.023,1.002,-1.31,-0.65,-1.97
1796,1.071,1.074,1.073,-1.27,-0.61,-1.93
1797,1.028,1.04,1.036,-1.23,-0.57,-1.89
1798,1.02,1.072,1.096,-1.19,-0.53,-1.86
1799,0.992,0.986,0.997,-1.16,-0.5,-1.83
1800,1.001,0.995,0.972,-1.14,-0.48,-1.8
1801,1.053,1.084,1.006,-1.12,-0.46,-1.79
1802,0.871,1.028,1.008,-1.12,-0.45,-1.78
1803,0.943,1.069,0.954,-1.12,-0.45,-1.78
1804,1.062,1.05,1.007,-1.12,-0.46,-1.79
1805,0.988,1.102,1.015,-1.14,-0.48,-1.8
1806,1.039,1.018,0.992,-1.16,-0.5,-1.82
1807,0.894,1.079,1.035,-1.18,-0.52,-1.85
1808,1.059,1.045,1.022,-1.21,-0.55,-1.87
1809,1.008,0.973,1.055,-1.24,-0.58,-1.9
1810,0.992,1.026,1.071,-1.27,-0.6,-1.93
1811,1.078,0.939,0.891,-1.3,-0.63,-1.96
1812,0.95,0.824,0.985,-1.32,-0.66,-1.98
1813,0.859,0.972,0.864,-1.34,-0.68,-2.01
1814,0.99,1.007,1.036,-1.36,-0.7,-2.02
1815,0.854,0.907,0.92,-1.37,-0.71,-2.04
1816,0.99,0.817,0.933,-1.38,-0.72,-2.05
1817,0.966,0.939,0.857,-1.39,-0.72,-2.05
1818,1.002,1.017,1.002,-1.39,-0.72,-2.05
1819,0.949,0.878,0.929,-1.38,-0.72,-2.05
1820,1.04,1.07,0.998,-1.38,-0.72,-2.04
1821,0.965,0.938,0.95,-1.37,-0.71,-2.04
1822,1.021,1.049,0.943,-1.37,-0.7,-2.03
1823,0.942,0.929,0.912,-1.36,-0.7,-2.03
1824,0.985,0.977,0.94,-1.36,-0.7,-2.02
1825,0.968,1.015,0.993,-1.36,-0.69,-2.02
1826,1.068,1.027,0.963,-1.36,-0.69,-2.02
1827,0.961,0.92,0.848,-1.36,-0.69,-2.02
1828,0.972,1.04,1.094,-1.36,-0.69,-2.02
1829,1.017,1.039,1.027,-1.36,-0.69,-2.02
1830,0.947,0.972,1.031,-1.35,-0.69,-2.01
1831,0.875,0.92,0.919,-1.34,-0.68,-2.01
1832,0.947,0.818,0.905,-1.33,-0.67,-2
1833,1.023,0.904,0.857,-1.32,-0.65,-1.98
1834,0.946,0.912,1.026,-1.3,-0.63,-1.96
1835,0.994,1.019,0.932,-1.27,-0.61,-1.93
1836,0.956,0.76,0.841,-1.24,-0.58,-1.91
1837,0.978,0.866,0.892,-1.21,-0.55,-1.87
1838,1.056,0.886,1,-1.18,-0.51,-1.84
1839,0.931,1.024,0.98,-1.14,-0.48,-1.8
1840,1.064,0.979,0.99,-1.11,-0.44,-1.77
1841,0.955,1.021,0.949,-1.08,-0.41,-1.74
1842,0.937,0.96,1.006,-1.05,-0.39,-1.71
1843,1.014,0.959,1,-1.03,-0.37,-1.69
1844,1.011,0.94,1.035,-1.02,-0.35,-1.68
1845,0.961,1.048,1.07,-1.01,-0.35,-1.68
1846,1.068,1.127,1.134,-1.02,-0.36,-1.68
1847,1.011,0.986,1.011,-1.03,-0.37,-1.7
1848,1.042,0.934,0.878,-1.06,-0.39,-1.72
1849,0.999,0.875,0.899,-1.09,-0.43,-1.75
1850,1.036,1.032,1.022,-1.13,-0.47,-1.79
1851,0.997,0.963,1.021,-1.17,-0.51,-1.84
1852,0.977,1.007,0.953,-1.22,-0.56,-1.88
1853,1.021,1.001,1.044,-1.27,-0.61,-1.93
1854,0.935,0.951,0.91,-1.32,-0.66,-1.98
1855,0.934,1.024,0.972,-1.37,-0.71,-2.03
1856,0.879,1.058,1.025,-1.41,-0.75,-2.08
1857,0.944,0.996,0.96,-1.45,-0.79,-2.12
1858,0.916,1.002,0.926,-1.49,-0.82,-2.15
1859,1.05,1.06,1.035,-1.51,-0.85,-2.18
1860,0.991,0.935,0.939,-1.54,-0.87,-2.2
1861,0.945,1.113,1.051,-1.55,-0.89,-2.21
1862,0.979,0.999,0.982,-1.55,-0.89,-2.22
1863,1.037,0.83,1.019,-1.55,-0.89,-2.22
1864,0.895,1.045,1.009,-1.55,-0.88,-2.21
1865,1.015,0.87,0.903,-1.53,-0.87,-2.19
1866,0.964,1.08,1.032,-1.51,-0.85,-2.17
1867,0.975,0.969,0.988,-1.48,-0.82,-2.14
1868,0.876,1.085,1.003,-1.44,-0.78,-2.11
1869,0.992,0.988,1.038,-1.4,-0.74,-2.07
1870,0.919,0.841,0.929,-1.36,-0.7,-2.02
1871,0.923,0.959,0.856,-1.31,-0.65,-1.97
1872,1.034,0.928,1.031,-1.26,-0.6,-1.92
1873,1.007,1.092,0.981,-1.21,-0.55,-1.87
1874,0.953,0.922,0.902,-1.16,-0.5,-1.83
1875,1.005,1.074,1.067,-1.12,-0.46,-1.78
1876,1.013,1.038,0.971,-1.08,-0.42,-1.74
1877,1.028,1.03,0.887,-1.05,-0.39,-1.71
1878,1.047,1.027,1.056,-1.02,-0.36,-1.69
1879,1.015,1.054,1.034,-1.01,-0.35,-1.67
1880,1.042,1.089,1.069,-1,-0.34,-1.66
1881,0.945,1.01,0.937,-1,-0.34,-1.67
1882,1.034,1.116,1.094,-1.01,-0.35,-1.67
1883,1.03,1.12,1.088,-1.03,-0.36,-1.69
1884,0.958,0.88,0.875,-1.05,-0.38,-1.71
1885,0.936,0.972,0.97,-1.07,-0.41,-1.73
1886,0.977,0.954,1.174,-1.1,-0.43,-1.76
1887,0.998,0.932,0.942,-1.12,-0.46,-1.78
1888,0.965,0.796,0.874,-1.15,-0.48,-1.81
1889,1.026,1.063,1.057,-1.17,-0.51,-1.83
1890,0.941,0.923,0.936,-1.19,-0.53,-1.85
1891,1.012,0.868,0.991,-1.21,-0.54,-1.87
1892,0.989,0.952,0.9,-1.22,-0.55,-1.88
1893,0.972,0.893,0.926,-1.22,-0.56,-1.89
1894,0.95,0.967,1.004,-1.23,-0.56,-1.89
1895,1.024,0.993,1.09,-1.22,-0.56,-1.89
1896,0.955,0.942,1.002,-1.22,-0.55,-1.88
1897,0.926,1.021,1.143,-1.2,-0.54,-1.87
1898,0.997,1.005,1.003,-1.18,-0.52,-1.85
1899,1.041,1.025,1.071,-1.16,-0.5,-1.82
1900,0.981,1.088,0.991,-1.13,-0.47,-1.8
1901,0.948,1.065,1.089,-1.1,-0.44,-1.77
1902,0.996,1.024,1.013,-1.07,-0.41,-1.73
1903,0.98,1.055,1.068,-1.03,-0.37,-1.7
1904,0.935,0.855,0.942,-1,-0.33,-1.66
1905,1.009,1.014,1.043,-0.96,-0.29,-1.62
1906,1.013,0.975,1.043,-0.92,-0.26,-1.58
1907,1.061,0.989,1.068,-0.88,-0.22,-1.54
1908,1.005,1.007,1.036,-0.84,-0.18,-1.51
1909,0.954,1.03,1.054,-0.81,-0.15,-1.47
1910,1.004,0.982,1.064,-0.78,-0.11,-1.44
1911,1.08,1.042,1.061,-0.75,-0.08,-1.41
1912,0.995,1.008,0.967,-0.72,-0.05,-1.38
1913,1.035,1.016,1.064,-0.69,-0.03,-1.35
1914,0.949,0.973,0.967,-0.66,0,-1.33
1915,1.076,0.964,1.016,-0.64,0.03,-1.3
1916,0.994,0.971,0.929,-0.61,0.05,-1.28
1917,0.946,0.98,0.955,-0.59,0.08,-1.25
1918,0.985,0.88,0.916,-0.56,0.1,-1.23
1919,0.993,1.07,1.105,-0.54,0.12,-1.2
1920,1.041,0.969,0.958,-0.51,0.15,-1.18
1921,1.076,1.08,1.081,-0.49,0.18,-1.15
1922,1.002,0.982,0.998,-0.46,0.2,-1.13
1923,1.099,0.962,0.942,-0.44,0.23,-1.1
1924,0.965,1.079,1.06,-0.41,0.25,-1.08
1925,1.006,1.091,1.132,-0.39,0.27,-1.05
1926,0.968,1.022,1.034,-0.37,0.3,-1.03
1927,1.072,1.021,1.115,-0.34,0.32,-1
1928,1.013,0.998,0.992,-0.32,0.34,-0.98
1929,0.964,1.033,1.049,-0.3,0.37,-0.96
1930,1.145,1.136,1.163,-0.27,0.39,-0.93
1931,1.01,1.038,1.072,-0.24,0.42,-0.91
1932,1.088,1.094,1.135,-0.22,0.45,-0.88
1933,1.036,1.09,1.137,-0.18,0.48,-0.85
1934,1.036,0.906,1.028,-0.15,0.52,-0.81
1935,0.866,1.121,1.087,-0.11,0.56,-0.77
1936,1.045,0.94,0.995,-0.06,0.6,-0.72
1937,0.996,1.066,1.008,-0.01,0.65,-0.68
1938,1.078,1.046,1.075,0.04,0.7,-0.62
1939,1.032,1.03,1.041,0.09,0.75,-0.57
1940,1.067,1.054,0.983,0.14,0.81,-0.52
1941,0.95,1.038,1.061,0.19,0.86,-0.47
1942,1.15,0.918,1.035,0.24,0.9,-0.42
1943,1.124,1.021,1.006,0.28,0.94,-0.38
1944,1.05,1.058,1.073,0.31,0.98,-0.35
1945,1.026,1.022,1.118,0.34,1,-0.33
1946,1.106,1.109,1.149,0.35,1.01,-0.32
1947,1.049,0.92,0.836,0.34,1.01,-0.32
1948,1.087,1.131,1.171,0.33,0.99,-0.33
1949,1.05,0.999,1.039,0.3,0.97,-0.36
1950,1.068,0.954,1.034,0.27,0.93,-0.39
1951,1.15,1.07,1.123,0.22,0.89,-0.44
1952,1.022,1.028,1.123,0.17,0.83,-0.49
1953,1.051,1.04,1.175,0.11,0.78,-0.55
1954,1.121,1.065,1.064,0.05,0.72,-0.61
1955,0.979,1.028,1.094,-0.01,0.66,-0.67
1956,0.966,0.918,0.931,-0.06,0.6,-0.73
1957,1.033,0.972,1.077,-0.11,0.55,-0.78
1958,1.051,0.973,1.069,-0.16,0.5,-0.82
1959,0.851,0.832,0.844,-0.19,0.47,-0.86
1960,1.015,1.031,1.01,-0.22,0.44,-0.88
1961,1.067,1.015,1.04,-0.24,0.42,-0.9
1962,1.082,0.981,1.049,-0.25,0.41,-0.91
1963,1.01,1.037,1.075,-0.25,0.41,-0.92
1964,1.011,1.061,1.079,-0.25,0.41,-0.91
1965,1.03,0.936,1.079,-0.24,0.42,-0.91
1966,1.078,1.056,1.053,-0.23,0.43,-0.9
1967,0.967,0.908,0.922,-0.22,0.44,-0.88
1968,1.152,0.865,0.935,-0.21,0.45,-0.87
1969,0.848,0.995,0.981,-0.2,0.47,-0.86
1970,1.064,1.028,1.081,-0.19,0.48,-0.85
1971,1.064,1.014,1.118,-0.18,0.49,-0.84
1972,1.091,1.03,1.034,-0.17,0.49,-0.83
1973,1.034,1.084,1.084,-0.16,0.5,-0.83
1974,1.09,1.003,1.002,-0.16,0.51,-0.82
1975,0.953,1.065,1.058,-0.15,0.51,-0.81
1976,1.08,1.057,1.048,-0.14,0.52,-0.8
1977,1.08,1.017,1.035,-0.12,0.54,-0.79
1978,0.935,0.905,0.937,-0.11,0.56,-0.77
1979,1.09,0.929,1.041,-0.08,0.58,-0.74
1980,0.94,1.074,1.064,-0.05,0.61,-0.71
1981,0.995,1.062,1.094,-0.01,0.65,-0.67
1982,1.035,1.023,1.072,0.03,0.7,-0.63
1983,1.002,1.023,1.08,0.08,0.75,-0.58
1984,1.041,1.074,1.086,0.14,0.8,-0.52
1985,1.081,0.977,0.991,0.2,0.86,-0.46
1986,1.008,0.991,1.048,0.26,0.92,-0.4
1987,1.067,0.894,1.041,0.32,0.98,-0.34
1988,1.074,0.986,1.036,0.38,1.04,-0.28
1989,1.162,1.063,1.105,0.43,1.1,-0.23
1990,1.099,0.955,0.966,0.48,1.15,-0.18
1991,1.065,1.156,1.107,0.53,1.19,-0.14
1992,1.05,1.067,1.071,0.56,1.23,-0.1
1993,1.058,1.058,1.002,0.59,1.26,-0.07
1994,1.091,1.111,1.187,0.62,1.28,-0.05
1995,1.058,1.04,1.102,0.63,1.3,-0.03
1996,0.987,1.11,1.136,0.65,1.31,-0.02
1997,1.091,0.997,1.137,0.66,1.32,-0.01
1998,1.173,1.072,1.23,0.66,1.32,0
1999,1.065,0.996,1.102,0.66,1.33,0
2000,1.081,1.062,1.207,0.67,1.33,0
2001,0.988,1.041,1.054,0.67,1.33,0.01
2002,1.061,0.981,1.166,0.67,1.33,0.01
2003,NaN,1.052,1.126,NaN,NaN,NaN
2004,NaN,0.924,NaN,NaN,NaN,NaN